26.25,79.25,27/09/2015,08:49:23
79.25,27/09/2015,08:49:23
26.25,79.25,27/09/2015,08:54:23
79.25,27/09/2015,08:54:23
26.312,79.36160000000001,27/09/2015,08:59:23
79.36160000000001,27/09/2015,08:59:23
26.312,79.36160000000001,27/09/2015,09:04:23
79.36160000000001,27/09/2015,09:04:23
26.312,79.36160000000001,27/09/2015,09:09:23
79.36160000000001,27/09/2015,09:09:23
26.375,79.475,27/09/2015,09:14:23
79.475,27/09/2015,09:14:23
26.375,79.475,27/09/2015,09:19:23
79.475,27/09/2015,09:19:23
26.312,79.36160000000001,27/09/2015,09:24:23
79.36160000000001,27/09/2015,09:24:23
26.375,79.475,27/09/2015,09:29:23
79.475,27/09/2015,09:29:23
26.375,79.475,27/09/2015,09:34:23
79.475,27/09/2015,09:34:23
26.375,79.475,27/09/2015,09:39:23
79.475,27/09/2015,09:39:23
26.375,79.475,27/09/2015,09:44:23
79.475,27/09/2015,09:44:23
26.375,79.475,27/09/2015,09:49:23
79.475,27/09/2015,09:49:23
26.375,79.475,27/09/2015,09:54:23
79.475,27/09/2015,09:54:23
26.375,79.475,27/09/2015,09:59:23
79.475,27/09/2015,09:59:23
26.375,79.475,27/09/2015,10:04:23
79.475,27/09/2015,10:04:23
26.375,79.475,27/09/2015,10:09:23
79.475,27/09/2015,10:09:23
26.375,79.475,27/09/2015,10:14:23
79.475,27/09/2015,10:14:23
26.375,79.475,27/09/2015,10:19:23
79.475,27/09/2015,10:19:23
26.375,79.475,27/09/2015,10:24:23
79.475,27/09/2015,10:24:23
26.375,79.475,27/09/2015,10:29:24
79.475,27/09/2015,10:29:24
26.375,79.475,27/09/2015,10:34:23
79.475,27/09/2015,10:34:23
26.375,79.475,27/09/2015,10:39:23
79.475,27/09/2015,10:39:23
26.312,79.36160000000001,27/09/2015,10:44:23
79.36160000000001,27/09/2015,10:44:23
26.312,79.36160000000001,27/09/2015,10:49:23
79.36160000000001,27/09/2015,10:49:23
26.312,79.36160000000001,27/09/2015,10:54:23
79.36160000000001,27/09/2015,10:54:23
26.312,79.36160000000001,27/09/2015,10:59:23
79.36160000000001,27/09/2015,10:59:23
26.312,79.36160000000001,27/09/2015,11:04:23
79.36160000000001,27/09/2015,11:04:23
26.312,79.36160000000001,27/09/2015,11:09:23
79.36160000000001,27/09/2015,11:09:23
26.312,79.36160000000001,27/09/2015,11:14:23
79.36160000000001,27/09/2015,11:14:23
26.375,79.475,27/09/2015,11:19:23
79.475,27/09/2015,11:19:23
26.312,79.36160000000001,27/09/2015,11:24:23
79.36160000000001,27/09/2015,11:24:23
26.312,79.36160000000001,27/09/2015,11:29:23
79.36160000000001,27/09/2015,11:29:23
26.312,79.36160000000001,27/09/2015,11:34:23
79.36160000000001,27/09/2015,11:34:23
26.312,79.36160000000001,27/09/2015,11:39:23
79.36160000000001,27/09/2015,11:39:23
26.375,79.475,27/09/2015,11:44:23
79.475,27/09/2015,11:44:23
26.375,79.475,27/09/2015,11:49:41
79.475,27/09/2015,11:49:41
25.875,78.575,27/09/2015,11:54:41
78.575,27/09/2015,11:54:41
24.875,76.775,27/09/2015,11:59:41
76.775,27/09/2015,11:59:41
24.687,76.4366,27/09/2015,12:04:41
76.4366,27/09/2015,12:04:41
24.812,76.6616,27/09/2015,12:09:41
76.6616,27/09/2015,12:09:41
25.0,77.0,27/09/2015,12:14:41
77.0,27/09/2015,12:14:41
25.125,77.225,27/09/2015,12:19:41
77.225,27/09/2015,12:19:41
25.312,77.5616,27/09/2015,12:24:41
77.5616,27/09/2015,12:24:41
25.437,77.7866,27/09/2015,12:29:41
77.7866,27/09/2015,12:29:41
25.562,78.0116,27/09/2015,12:34:41
78.0116,27/09/2015,12:34:41
25.687,78.23660000000001,27/09/2015,12:39:41
78.23660000000001,27/09/2015,12:39:41
25.75,78.35,27/09/2015,12:44:41
78.35,27/09/2015,12:44:41
25.875,78.575,27/09/2015,12:49:41
78.575,27/09/2015,12:49:41
25.875,78.575,27/09/2015,12:54:41
78.575,27/09/2015,12:54:41
25.937,78.6866,27/09/2015,12:59:41
78.6866,27/09/2015,12:59:41
26.0,78.8,27/09/2015,13:04:41
78.8,27/09/2015,13:04:41
26.0,78.8,27/09/2015,13:09:41
78.8,27/09/2015,13:09:41
26.062,78.9116,27/09/2015,13:14:41
78.9116,27/09/2015,13:14:41
26.125,79.025,27/09/2015,13:19:41
79.025,27/09/2015,13:19:41
25.687,78.23660000000001,27/09/2015,13:24:41
78.23660000000001,27/09/2015,13:24:41
24.562,76.2116,27/09/2015,13:29:41
76.2116,27/09/2015,13:29:41
24.437,75.98660000000001,27/09/2015,13:34:41
75.98660000000001,27/09/2015,13:34:41
24.625,76.325,27/09/2015,13:39:41
76.325,27/09/2015,13:39:41
24.812,76.6616,27/09/2015,13:44:41
76.6616,27/09/2015,13:44:41
25.062,77.11160000000001,27/09/2015,13:49:41
77.11160000000001,27/09/2015,13:49:41
25.25,77.45,27/09/2015,13:54:41
77.45,27/09/2015,13:54:41
25.375,77.675,27/09/2015,13:59:41
77.675,27/09/2015,13:59:41
25.562,78.0116,27/09/2015,14:04:41
78.0116,27/09/2015,14:04:41
25.625,78.125,27/09/2015,14:09:41
78.125,27/09/2015,14:09:41
25.75,78.35,27/09/2015,14:14:41
78.35,27/09/2015,14:14:41
25.812,78.4616,27/09/2015,14:19:41
78.4616,27/09/2015,14:19:41
25.937,78.6866,27/09/2015,14:24:41
78.6866,27/09/2015,14:24:41
26.062,78.9116,27/09/2015,14:29:41
78.9116,27/09/2015,14:29:41
26.125,79.025,27/09/2015,14:34:41
79.025,27/09/2015,14:34:41
25.562,78.0116,27/09/2015,14:39:41
78.0116,27/09/2015,14:39:41
24.5,76.1,27/09/2015,14:44:41
76.1,27/09/2015,14:44:41
24.312,75.7616,27/09/2015,14:49:51
75.7616,27/09/2015,14:49:51
24.562,76.2116,27/09/2015,14:54:51
76.2116,27/09/2015,14:54:51
24.0,75.2,27/09/2015,14:59:51
75.2,27/09/2015,14:59:51
23.125,73.625,27/09/2015,15:04:51
73.625,27/09/2015,15:04:51
23.25,73.85,27/09/2015,15:09:51
73.85,27/09/2015,15:09:51
23.687,74.6366,27/09/2015,15:14:51
74.6366,27/09/2015,15:14:51
24.062,75.3116,27/09/2015,15:19:51
75.3116,27/09/2015,15:19:51
24.437,75.98660000000001,27/09/2015,15:24:51
75.98660000000001,27/09/2015,15:24:51
24.75,76.55,27/09/2015,15:29:51
76.55,27/09/2015,15:29:51
24.125,75.425,27/09/2015,15:34:51
75.425,27/09/2015,15:34:51
23.312,73.9616,27/09/2015,15:39:51
73.9616,27/09/2015,15:39:51
23.437,74.1866,27/09/2015,15:44:51
74.1866,27/09/2015,15:44:51
23.812,74.86160000000001,27/09/2015,15:49:51
74.86160000000001,27/09/2015,15:49:51
24.187,75.5366,27/09/2015,15:54:51
75.5366,27/09/2015,15:54:51
24.5,76.1,27/09/2015,15:59:51
76.1,27/09/2015,15:59:51
23.875,74.975,27/09/2015,16:04:51
74.975,27/09/2015,16:04:51
23.062,73.5116,27/09/2015,16:09:51
73.5116,27/09/2015,16:09:51
23.25,73.85,27/09/2015,16:14:51
73.85,27/09/2015,16:14:51
23.625,74.525,27/09/2015,16:19:51
74.525,27/09/2015,16:19:51
24.062,75.3116,27/09/2015,16:24:51
75.3116,27/09/2015,16:24:51
24.437,75.98660000000001,27/09/2015,16:29:51
75.98660000000001,27/09/2015,16:29:51
24.687,76.4366,27/09/2015,16:34:51
76.4366,27/09/2015,16:34:51
24.062,75.3116,27/09/2015,16:39:51
75.3116,27/09/2015,16:39:51
23.25,73.85,27/09/2015,16:44:51
73.85,27/09/2015,16:44:51
23.312,73.9616,27/09/2015,16:49:51
73.9616,27/09/2015,16:49:51
23.687,74.6366,27/09/2015,16:54:51
74.6366,27/09/2015,16:54:51
24.125,75.425,27/09/2015,16:59:51
75.425,27/09/2015,16:59:51
24.437,75.98660000000001,27/09/2015,17:04:51
75.98660000000001,27/09/2015,17:04:51
24.75,76.55,27/09/2015,17:09:51
76.55,27/09/2015,17:09:51
24.062,75.3116,27/09/2015,17:14:51
75.3116,27/09/2015,17:14:51
23.25,73.85,27/09/2015,17:19:51
73.85,27/09/2015,17:19:51
23.375,74.075,27/09/2015,17:24:51
74.075,27/09/2015,17:24:51
23.687,74.6366,27/09/2015,17:29:51
74.6366,27/09/2015,17:29:51
24.125,75.425,27/09/2015,17:34:51
75.425,27/09/2015,17:34:51
24.437,75.98660000000001,27/09/2015,17:39:51
75.98660000000001,27/09/2015,17:39:51
24.687,76.4366,27/09/2015,17:44:51
76.4366,27/09/2015,17:44:51
23.937,75.0866,27/09/2015,17:50:03
75.0866,27/09/2015,17:50:03
22.187,71.9366,27/09/2015,17:55:03
71.9366,27/09/2015,17:55:03
21.875,71.375,27/09/2015,18:00:03
71.375,27/09/2015,18:00:03
22.187,71.9366,27/09/2015,18:05:03
71.9366,27/09/2015,18:05:03
22.75,72.95,27/09/2015,18:10:03
72.95,27/09/2015,18:10:03
23.312,73.9616,27/09/2015,18:15:03
73.9616,27/09/2015,18:15:03
22.687,72.8366,27/09/2015,18:20:03
72.8366,27/09/2015,18:20:03
22.187,71.9366,27/09/2015,18:25:03
71.9366,27/09/2015,18:25:03
22.562,72.61160000000001,27/09/2015,18:30:03
72.61160000000001,27/09/2015,18:30:03
23.0,73.4,27/09/2015,18:35:03
73.4,27/09/2015,18:35:03
22.437,72.3866,27/09/2015,18:40:03
72.3866,27/09/2015,18:40:03
22.0,71.6,27/09/2015,18:45:03
71.6,27/09/2015,18:45:03
22.312,72.1616,27/09/2015,18:50:03
72.1616,27/09/2015,18:50:03
22.812,73.0616,27/09/2015,18:55:03
73.0616,27/09/2015,18:55:03
22.25,72.05,27/09/2015,19:00:03
72.05,27/09/2015,19:00:03
21.937,71.48660000000001,27/09/2015,19:05:03
71.48660000000001,27/09/2015,19:05:03
22.25,72.05,27/09/2015,19:10:03
72.05,27/09/2015,19:10:03
22.687,72.8366,27/09/2015,19:15:03
72.8366,27/09/2015,19:15:03
23.187,73.73660000000001,27/09/2015,19:20:03
73.73660000000001,27/09/2015,19:20:03
22.625,72.725,27/09/2015,19:25:03
72.725,27/09/2015,19:25:03
22.187,71.9366,27/09/2015,19:30:03
71.9366,27/09/2015,19:30:03
22.375,72.275,27/09/2015,19:35:03
72.275,27/09/2015,19:35:03
22.875,73.175,27/09/2015,19:40:03
73.175,27/09/2015,19:40:03
22.25,72.05,27/09/2015,19:45:03
72.05,27/09/2015,19:45:03
21.875,71.375,27/09/2015,19:50:03
71.375,27/09/2015,19:50:03
22.187,71.9366,27/09/2015,19:55:03
71.9366,27/09/2015,19:55:03
22.625,72.725,27/09/2015,20:00:03
72.725,27/09/2015,20:00:03
23.062,73.5116,27/09/2015,20:05:03
73.5116,27/09/2015,20:05:03
22.5,72.5,27/09/2015,20:10:03
72.5,27/09/2015,20:10:03
22.0,71.6,27/09/2015,20:15:03
71.6,27/09/2015,20:15:03
22.25,72.05,27/09/2015,20:20:03
72.05,27/09/2015,20:20:03
22.687,72.8366,27/09/2015,20:25:03
72.8366,27/09/2015,20:25:03
23.125,73.625,27/09/2015,20:30:03
73.625,27/09/2015,20:30:03
22.5,72.5,27/09/2015,20:35:03
72.5,27/09/2015,20:35:03
22.0,71.6,27/09/2015,20:40:03
71.6,27/09/2015,20:40:03
22.25,72.05,27/09/2015,20:45:03
72.05,27/09/2015,20:45:03
22.625,72.725,27/09/2015,20:50:03
72.725,27/09/2015,20:50:03
23.062,73.5116,27/09/2015,20:55:03
73.5116,27/09/2015,20:55:03
22.437,72.3866,27/09/2015,21:00:03
72.3866,27/09/2015,21:00:03
21.937,71.48660000000001,27/09/2015,21:05:03
71.48660000000001,27/09/2015,21:05:03
22.125,71.825,27/09/2015,21:10:03
71.825,27/09/2015,21:10:03
22.562,72.61160000000001,27/09/2015,21:15:03
72.61160000000001,27/09/2015,21:15:03
22.937,73.2866,27/09/2015,21:20:03
73.2866,27/09/2015,21:20:03
22.312,72.1616,27/09/2015,21:25:03
72.1616,27/09/2015,21:25:03
21.812,71.2616,27/09/2015,21:30:03
71.2616,27/09/2015,21:30:03
22.062,71.7116,27/09/2015,21:35:03
71.7116,27/09/2015,21:35:03
22.5,72.5,27/09/2015,21:40:03
72.5,27/09/2015,21:40:03
22.875,73.175,27/09/2015,21:45:03
73.175,27/09/2015,21:45:03
22.25,72.05,27/09/2015,21:50:03
72.05,27/09/2015,21:50:03
21.812,71.2616,27/09/2015,21:55:03
71.2616,27/09/2015,21:55:03
21.937,71.48660000000001,27/09/2015,22:00:03
71.48660000000001,27/09/2015,22:00:03
22.312,72.1616,27/09/2015,22:05:03
72.1616,27/09/2015,22:05:03
22.75,72.95,27/09/2015,22:10:03
72.95,27/09/2015,22:10:03
23.062,73.5116,27/09/2015,22:15:03
73.5116,27/09/2015,22:15:03
22.5,72.5,27/09/2015,22:20:03
72.5,27/09/2015,22:20:03
21.875,71.375,27/09/2015,22:25:03
71.375,27/09/2015,22:25:03
22.0,71.6,27/09/2015,22:30:03
71.6,27/09/2015,22:30:03
22.312,72.1616,27/09/2015,22:35:03
72.1616,27/09/2015,22:35:03
22.687,72.8366,27/09/2015,22:40:03
72.8366,27/09/2015,22:40:03
22.937,73.2866,27/09/2015,22:45:03
73.2866,27/09/2015,22:45:03
22.312,72.1616,27/09/2015,22:50:03
72.1616,27/09/2015,22:50:03
21.687,71.0366,27/09/2015,22:55:03
71.0366,27/09/2015,22:55:03
21.75,71.15,27/09/2015,23:00:03
71.15,27/09/2015,23:00:03
22.062,71.7116,27/09/2015,23:05:03
71.7116,27/09/2015,23:05:03
22.375,72.275,27/09/2015,23:10:03
72.275,27/09/2015,23:10:03
22.625,72.725,27/09/2015,23:15:03
72.725,27/09/2015,23:15:03
22.875,73.175,27/09/2015,23:20:03
73.175,27/09/2015,23:20:03
22.25,72.05,27/09/2015,23:25:03
72.05,27/09/2015,23:25:03
21.562,70.8116,27/09/2015,23:30:03
70.8116,27/09/2015,23:30:03
21.625,70.925,27/09/2015,23:35:03
70.925,27/09/2015,23:35:03
21.875,71.375,27/09/2015,23:40:03
71.375,27/09/2015,23:40:03
22.25,72.05,27/09/2015,23:45:03
72.05,27/09/2015,23:45:03
22.5,72.5,27/09/2015,23:50:03
72.5,27/09/2015,23:50:03
22.687,72.8366,27/09/2015,23:55:03
72.8366,27/09/2015,23:55:03
22.937,73.2866,28/09/2015,00:00:03
73.2866,28/09/2015,00:00:03
22.312,72.1616,28/09/2015,00:05:03
72.1616,28/09/2015,00:05:03
21.562,70.8116,28/09/2015,00:10:03
70.8116,28/09/2015,00:10:03
21.562,70.8116,28/09/2015,00:15:03
70.8116,28/09/2015,00:15:03
21.812,71.2616,28/09/2015,00:20:03
71.2616,28/09/2015,00:20:03
22.125,71.825,28/09/2015,00:25:03
71.825,28/09/2015,00:25:03
22.375,72.275,28/09/2015,00:30:03
72.275,28/09/2015,00:30:03
22.562,72.61160000000001,28/09/2015,00:35:03
72.61160000000001,28/09/2015,00:35:03
22.75,72.95,28/09/2015,00:40:03
72.95,28/09/2015,00:40:03
22.937,73.2866,28/09/2015,00:45:03
73.2866,28/09/2015,00:45:03
22.375,72.275,28/09/2015,00:50:03
72.275,28/09/2015,00:50:03
21.562,70.8116,28/09/2015,00:55:03
70.8116,28/09/2015,00:55:03
21.5,70.7,28/09/2015,01:00:03
70.7,28/09/2015,01:00:03
21.75,71.15,28/09/2015,01:05:03
71.15,28/09/2015,01:05:03
22.062,71.7116,28/09/2015,01:10:03
71.7116,28/09/2015,01:10:03
22.25,72.05,28/09/2015,01:15:03
72.05,28/09/2015,01:15:03
22.5,72.5,28/09/2015,01:20:03
72.5,28/09/2015,01:20:03
22.625,72.725,28/09/2015,01:25:03
72.725,28/09/2015,01:25:03
22.812,73.0616,28/09/2015,01:30:03
73.0616,28/09/2015,01:30:03
22.25,72.05,28/09/2015,01:35:03
72.05,28/09/2015,01:35:03
21.437,70.5866,28/09/2015,01:40:03
70.5866,28/09/2015,01:40:03
21.375,70.475,28/09/2015,01:45:03
70.475,28/09/2015,01:45:03
21.625,70.925,28/09/2015,01:50:03
70.925,28/09/2015,01:50:03
21.875,71.375,28/09/2015,01:55:03
71.375,28/09/2015,01:55:03
22.125,71.825,28/09/2015,02:00:03
71.825,28/09/2015,02:00:03
22.312,72.1616,28/09/2015,02:05:03
72.1616,28/09/2015,02:05:03
22.5,72.5,28/09/2015,02:10:03
72.5,28/09/2015,02:10:03
22.687,72.8366,28/09/2015,02:15:03
72.8366,28/09/2015,02:15:03
22.812,73.0616,28/09/2015,02:20:03
73.0616,28/09/2015,02:20:03
22.187,71.9366,28/09/2015,02:25:03
71.9366,28/09/2015,02:25:03
21.437,70.5866,28/09/2015,02:30:03
70.5866,28/09/2015,02:30:03
21.375,70.475,28/09/2015,02:35:03
70.475,28/09/2015,02:35:03
21.5,70.7,28/09/2015,02:40:03
70.7,28/09/2015,02:40:03
21.812,71.2616,28/09/2015,02:45:03
71.2616,28/09/2015,02:45:03
22.0,71.6,28/09/2015,02:50:03
71.6,28/09/2015,02:50:03
22.187,71.9366,28/09/2015,02:55:03
71.9366,28/09/2015,02:55:03
22.375,72.275,28/09/2015,03:00:03
72.275,28/09/2015,03:00:03
22.562,72.61160000000001,28/09/2015,03:05:03
72.61160000000001,28/09/2015,03:05:03
22.75,72.95,28/09/2015,03:10:03
72.95,28/09/2015,03:10:03
22.812,73.0616,28/09/2015,03:15:03
73.0616,28/09/2015,03:15:03
22.25,72.05,28/09/2015,03:20:03
72.05,28/09/2015,03:20:03
21.312,70.36160000000001,28/09/2015,03:25:03
70.36160000000001,28/09/2015,03:25:03
21.25,70.25,28/09/2015,03:30:03
70.25,28/09/2015,03:30:03
21.437,70.5866,28/09/2015,03:35:03
70.5866,28/09/2015,03:35:03
21.75,71.15,28/09/2015,03:40:03
71.15,28/09/2015,03:40:03
21.937,71.48660000000001,28/09/2015,03:45:03
71.48660000000001,28/09/2015,03:45:03
22.125,71.825,28/09/2015,03:50:03
71.825,28/09/2015,03:50:03
22.312,72.1616,28/09/2015,03:55:03
72.1616,28/09/2015,03:55:03
22.5,72.5,28/09/2015,04:00:03
72.5,28/09/2015,04:00:03
22.625,72.725,28/09/2015,04:05:03
72.725,28/09/2015,04:05:03
22.75,72.95,28/09/2015,04:10:03
72.95,28/09/2015,04:10:03
22.875,73.175,28/09/2015,04:15:03
73.175,28/09/2015,04:15:03
22.312,72.1616,28/09/2015,04:20:03
72.1616,28/09/2015,04:20:03
21.437,70.5866,28/09/2015,04:25:03
70.5866,28/09/2015,04:25:03
21.312,70.36160000000001,28/09/2015,04:30:03
70.36160000000001,28/09/2015,04:30:03
21.562,70.8116,28/09/2015,04:35:03
70.8116,28/09/2015,04:35:03
21.812,71.2616,28/09/2015,04:40:03
71.2616,28/09/2015,04:40:03
22.0,71.6,28/09/2015,04:45:03
71.6,28/09/2015,04:45:03
22.125,71.825,28/09/2015,04:50:03
71.825,28/09/2015,04:50:03
22.375,72.275,28/09/2015,04:55:03
72.275,28/09/2015,04:55:03
22.562,72.61160000000001,28/09/2015,05:00:03
72.61160000000001,28/09/2015,05:00:03
22.687,72.8366,28/09/2015,05:05:03
72.8366,28/09/2015,05:05:03
22.75,72.95,28/09/2015,05:10:03
72.95,28/09/2015,05:10:03
22.875,73.175,28/09/2015,05:15:03
73.175,28/09/2015,05:15:03
22.312,72.1616,28/09/2015,05:20:03
72.1616,28/09/2015,05:20:03
21.437,70.5866,28/09/2015,05:25:03
70.5866,28/09/2015,05:25:03
21.312,70.36160000000001,28/09/2015,05:30:03
70.36160000000001,28/09/2015,05:30:03
21.562,70.8116,28/09/2015,05:35:03
70.8116,28/09/2015,05:35:03
21.812,71.2616,28/09/2015,05:40:03
71.2616,28/09/2015,05:40:03
21.937,71.48660000000001,28/09/2015,05:45:03
71.48660000000001,28/09/2015,05:45:03
22.125,71.825,28/09/2015,05:50:03
71.825,28/09/2015,05:50:03
22.312,72.1616,28/09/2015,05:55:03
72.1616,28/09/2015,05:55:03
22.5,72.5,28/09/2015,06:00:03
72.5,28/09/2015,06:00:03
22.625,72.725,28/09/2015,06:05:03
72.725,28/09/2015,06:05:03
22.75,72.95,28/09/2015,06:10:03
72.95,28/09/2015,06:10:03
22.875,73.175,28/09/2015,06:15:03
73.175,28/09/2015,06:15:03
22.312,72.1616,28/09/2015,06:20:03
72.1616,28/09/2015,06:20:03
21.437,70.5866,28/09/2015,06:25:03
70.5866,28/09/2015,06:25:03
21.312,70.36160000000001,28/09/2015,06:30:03
70.36160000000001,28/09/2015,06:30:03
21.562,70.8116,28/09/2015,06:35:03
70.8116,28/09/2015,06:35:03
21.75,71.15,28/09/2015,06:40:03
71.15,28/09/2015,06:40:03
21.937,71.48660000000001,28/09/2015,06:45:03
71.48660000000001,28/09/2015,06:45:03
22.125,71.825,28/09/2015,06:50:03
71.825,28/09/2015,06:50:03
22.312,72.1616,28/09/2015,06:55:03
72.1616,28/09/2015,06:55:03
22.5,72.5,28/09/2015,07:00:03
72.5,28/09/2015,07:00:03
22.625,72.725,28/09/2015,07:05:03
72.725,28/09/2015,07:05:03
22.75,72.95,28/09/2015,07:10:03
72.95,28/09/2015,07:10:03
22.812,73.0616,28/09/2015,07:15:03
73.0616,28/09/2015,07:15:03
22.25,72.05,28/09/2015,07:20:03
72.05,28/09/2015,07:20:03
21.375,70.475,28/09/2015,07:25:03
70.475,28/09/2015,07:25:03
21.312,70.36160000000001,28/09/2015,07:30:03
70.36160000000001,28/09/2015,07:30:03
21.5,70.7,28/09/2015,07:35:03
70.7,28/09/2015,07:35:03
21.75,71.15,28/09/2015,07:40:03
71.15,28/09/2015,07:40:03
21.937,71.48660000000001,28/09/2015,07:45:03
71.48660000000001,28/09/2015,07:45:03
22.125,71.825,28/09/2015,07:50:03
71.825,28/09/2015,07:50:03
22.312,72.1616,28/09/2015,07:55:03
72.1616,28/09/2015,07:55:03
22.5,72.5,28/09/2015,08:00:03
72.5,28/09/2015,08:00:03
22.562,72.61160000000001,28/09/2015,08:05:03
72.61160000000001,28/09/2015,08:05:03
22.75,72.95,28/09/2015,08:10:03
72.95,28/09/2015,08:10:03
22.812,73.0616,28/09/2015,08:15:03
73.0616,28/09/2015,08:15:03
22.25,72.05,28/09/2015,08:20:03
72.05,28/09/2015,08:20:03
21.375,70.475,28/09/2015,08:25:03
70.475,28/09/2015,08:25:03
21.25,70.25,28/09/2015,08:30:03
70.25,28/09/2015,08:30:03
21.437,70.5866,28/09/2015,08:35:03
70.5866,28/09/2015,08:35:03
21.687,71.0366,28/09/2015,08:40:03
71.0366,28/09/2015,08:40:03
21.937,71.48660000000001,28/09/2015,08:45:03
71.48660000000001,28/09/2015,08:45:03
22.062,71.7116,28/09/2015,08:50:03
71.7116,28/09/2015,08:50:03
22.25,72.05,28/09/2015,08:55:03
72.05,28/09/2015,08:55:03
22.437,72.3866,28/09/2015,09:00:03
72.3866,28/09/2015,09:00:03
22.562,72.61160000000001,28/09/2015,09:05:03
72.61160000000001,28/09/2015,09:05:03
22.625,72.725,28/09/2015,09:10:03
72.725,28/09/2015,09:10:03
22.812,73.0616,28/09/2015,09:15:03
73.0616,28/09/2015,09:15:03
22.187,71.9366,28/09/2015,09:20:03
71.9366,28/09/2015,09:20:03
21.375,70.475,28/09/2015,09:25:03
70.475,28/09/2015,09:25:03
21.25,70.25,28/09/2015,09:30:03
70.25,28/09/2015,09:30:03
21.437,70.5866,28/09/2015,09:35:03
70.5866,28/09/2015,09:35:03
21.687,71.0366,28/09/2015,09:40:03
71.0366,28/09/2015,09:40:03
21.875,71.375,28/09/2015,09:45:03
71.375,28/09/2015,09:45:03
22.062,71.7116,28/09/2015,09:50:03
71.7116,28/09/2015,09:50:03
22.25,72.05,28/09/2015,09:55:03
72.05,28/09/2015,09:55:03
22.375,72.275,28/09/2015,10:00:03
72.275,28/09/2015,10:00:03
22.5,72.5,28/09/2015,10:05:03
72.5,28/09/2015,10:05:03
22.625,72.725,28/09/2015,10:10:03
72.725,28/09/2015,10:10:03
22.75,72.95,28/09/2015,10:15:03
72.95,28/09/2015,10:15:03
22.875,73.175,28/09/2015,10:20:03
73.175,28/09/2015,10:20:03
22.312,72.1616,28/09/2015,10:25:03
72.1616,28/09/2015,10:25:03
21.375,70.475,28/09/2015,10:30:03
70.475,28/09/2015,10:30:03
21.25,70.25,28/09/2015,10:35:03
70.25,28/09/2015,10:35:03
21.437,70.5866,28/09/2015,10:40:03
70.5866,28/09/2015,10:40:03
21.687,71.0366,28/09/2015,10:45:03
71.0366,28/09/2015,10:45:03
21.875,71.375,28/09/2015,10:50:03
71.375,28/09/2015,10:50:03
22.062,71.7116,28/09/2015,10:55:03
71.7116,28/09/2015,10:55:03
22.25,72.05,28/09/2015,11:00:03
72.05,28/09/2015,11:00:03
22.375,72.275,28/09/2015,11:05:03
72.275,28/09/2015,11:05:03
22.562,72.61160000000001,28/09/2015,11:10:03
72.61160000000001,28/09/2015,11:10:03
22.687,72.8366,28/09/2015,11:15:03
72.8366,28/09/2015,11:15:03
22.812,73.0616,28/09/2015,11:20:03
73.0616,28/09/2015,11:20:03
22.187,71.9366,28/09/2015,11:25:03
71.9366,28/09/2015,11:25:03
21.312,70.36160000000001,28/09/2015,11:30:03
70.36160000000001,28/09/2015,11:30:03
21.187,70.1366,28/09/2015,11:35:03
70.1366,28/09/2015,11:35:03
21.437,70.5866,28/09/2015,11:40:03
70.5866,28/09/2015,11:40:03
21.687,71.0366,28/09/2015,11:45:03
71.0366,28/09/2015,11:45:03
21.875,71.375,28/09/2015,11:50:03
71.375,28/09/2015,11:50:03
22.062,71.7116,28/09/2015,11:55:03
71.7116,28/09/2015,11:55:03
22.25,72.05,28/09/2015,12:00:03
72.05,28/09/2015,12:00:03
22.437,72.3866,28/09/2015,12:05:03
72.3866,28/09/2015,12:05:03
22.562,72.61160000000001,28/09/2015,12:10:03
72.61160000000001,28/09/2015,12:10:03
22.687,72.8366,28/09/2015,12:15:03
72.8366,28/09/2015,12:15:03
22.812,73.0616,28/09/2015,12:20:03
73.0616,28/09/2015,12:20:03
22.25,72.05,28/09/2015,12:25:03
72.05,28/09/2015,12:25:03
21.312,70.36160000000001,28/09/2015,12:30:03
70.36160000000001,28/09/2015,12:30:03
21.25,70.25,28/09/2015,12:35:03
70.25,28/09/2015,12:35:03
21.5,70.7,28/09/2015,12:40:03
70.7,28/09/2015,12:40:03
21.75,71.15,28/09/2015,12:45:03
71.15,28/09/2015,12:45:03
21.937,71.48660000000001,28/09/2015,12:50:03
71.48660000000001,28/09/2015,12:50:03
22.125,71.825,28/09/2015,12:55:03
71.825,28/09/2015,12:55:03
22.312,72.1616,28/09/2015,13:00:03
72.1616,28/09/2015,13:00:03
22.5,72.5,28/09/2015,13:05:03
72.5,28/09/2015,13:05:03
22.625,72.725,28/09/2015,13:10:03
72.725,28/09/2015,13:10:03
22.75,72.95,28/09/2015,13:15:03
72.95,28/09/2015,13:15:03
22.875,73.175,28/09/2015,13:20:03
73.175,28/09/2015,13:20:03
22.312,72.1616,28/09/2015,13:25:03
72.1616,28/09/2015,13:25:03
21.437,70.5866,28/09/2015,13:30:03
70.5866,28/09/2015,13:30:03
21.375,70.475,28/09/2015,13:35:03
70.475,28/09/2015,13:35:03
21.562,70.8116,28/09/2015,13:40:03
70.8116,28/09/2015,13:40:03
21.812,71.2616,28/09/2015,13:45:03
71.2616,28/09/2015,13:45:03
22.0,71.6,28/09/2015,13:50:03
71.6,28/09/2015,13:50:03
22.25,72.05,28/09/2015,13:55:03
72.05,28/09/2015,13:55:03
22.375,72.275,28/09/2015,14:00:03
72.275,28/09/2015,14:00:03
22.562,72.61160000000001,28/09/2015,14:05:03
72.61160000000001,28/09/2015,14:05:03
22.75,72.95,28/09/2015,14:10:03
72.95,28/09/2015,14:10:03
22.875,73.175,28/09/2015,14:15:03
73.175,28/09/2015,14:15:03
22.312,72.1616,28/09/2015,14:20:03
72.1616,28/09/2015,14:20:03
21.437,70.5866,28/09/2015,14:25:03
70.5866,28/09/2015,14:25:03
21.375,70.475,28/09/2015,14:30:03
70.475,28/09/2015,14:30:03
21.625,70.925,28/09/2015,14:35:03
70.925,28/09/2015,14:35:03
21.875,71.375,28/09/2015,14:40:03
71.375,28/09/2015,14:40:03
22.062,71.7116,28/09/2015,14:45:03
71.7116,28/09/2015,14:45:03
22.25,72.05,28/09/2015,14:50:03
72.05,28/09/2015,14:50:03
22.437,72.3866,28/09/2015,14:55:03
72.3866,28/09/2015,14:55:03
22.625,72.725,28/09/2015,15:00:03
72.725,28/09/2015,15:00:03
22.812,73.0616,28/09/2015,15:05:03
73.0616,28/09/2015,15:05:03
22.25,72.05,28/09/2015,15:10:03
72.05,28/09/2015,15:10:03
21.437,70.5866,28/09/2015,15:15:03
70.5866,28/09/2015,15:15:03
21.375,70.475,28/09/2015,15:20:03
70.475,28/09/2015,15:20:03
21.625,70.925,28/09/2015,15:25:03
70.925,28/09/2015,15:25:03
21.875,71.375,28/09/2015,15:30:03
71.375,28/09/2015,15:30:03
22.062,71.7116,28/09/2015,15:35:03
71.7116,28/09/2015,15:35:03
22.312,72.1616,28/09/2015,15:40:03
72.1616,28/09/2015,15:40:03
22.5,72.5,28/09/2015,15:45:03
72.5,28/09/2015,15:45:03
22.687,72.8366,28/09/2015,15:50:03
72.8366,28/09/2015,15:50:03
22.875,73.175,28/09/2015,15:55:03
73.175,28/09/2015,15:55:03
22.312,72.1616,28/09/2015,16:00:03
72.1616,28/09/2015,16:00:03
21.5,70.7,28/09/2015,16:05:03
70.7,28/09/2015,16:05:03
21.437,70.5866,28/09/2015,16:10:03
70.5866,28/09/2015,16:10:03
21.687,71.0366,28/09/2015,16:15:03
71.0366,28/09/2015,16:15:03
21.937,71.48660000000001,28/09/2015,16:20:03
71.48660000000001,28/09/2015,16:20:03
22.125,71.825,28/09/2015,16:25:03
71.825,28/09/2015,16:25:03
22.375,72.275,28/09/2015,16:30:03
72.275,28/09/2015,16:30:03
22.562,72.61160000000001,28/09/2015,16:35:03
72.61160000000001,28/09/2015,16:35:03
22.75,72.95,28/09/2015,16:40:03
72.95,28/09/2015,16:40:03
22.937,73.2866,28/09/2015,16:45:03
73.2866,28/09/2015,16:45:03
22.375,72.275,28/09/2015,16:50:03
72.275,28/09/2015,16:50:03
21.562,70.8116,28/09/2015,16:55:03
70.8116,28/09/2015,16:55:03
21.5,70.7,28/09/2015,17:00:03
70.7,28/09/2015,17:00:03
21.812,71.2616,28/09/2015,17:05:03
71.2616,28/09/2015,17:05:03
22.062,71.7116,28/09/2015,17:10:03
71.7116,28/09/2015,17:10:03
22.25,72.05,28/09/2015,17:15:03
72.05,28/09/2015,17:15:03
22.437,72.3866,28/09/2015,17:20:03
72.3866,28/09/2015,17:20:03
22.687,72.8366,28/09/2015,17:25:03
72.8366,28/09/2015,17:25:03
22.875,73.175,28/09/2015,17:30:03
73.175,28/09/2015,17:30:03
22.312,72.1616,28/09/2015,17:35:03
72.1616,28/09/2015,17:35:03
21.562,70.8116,28/09/2015,17:40:03
70.8116,28/09/2015,17:40:03
21.562,70.8116,28/09/2015,17:45:03
70.8116,28/09/2015,17:45:03
21.812,71.2616,28/09/2015,17:50:03
71.2616,28/09/2015,17:50:03
22.062,71.7116,28/09/2015,17:55:03
71.7116,28/09/2015,17:55:03
22.25,72.05,28/09/2015,18:00:03
72.05,28/09/2015,18:00:03
22.5,72.5,28/09/2015,18:05:03
72.5,28/09/2015,18:05:03
22.687,72.8366,28/09/2015,18:10:03
72.8366,28/09/2015,18:10:03
22.875,73.175,28/09/2015,18:15:03
73.175,28/09/2015,18:15:03
22.375,72.275,28/09/2015,18:20:03
72.275,28/09/2015,18:20:03
21.562,70.8116,28/09/2015,18:25:03
70.8116,28/09/2015,18:25:03
21.562,70.8116,28/09/2015,18:30:03
70.8116,28/09/2015,18:30:03
21.812,71.2616,28/09/2015,18:35:03
71.2616,28/09/2015,18:35:03
22.062,71.7116,28/09/2015,18:40:03
71.7116,28/09/2015,18:40:03
22.312,72.1616,28/09/2015,18:45:03
72.1616,28/09/2015,18:45:03
22.5,72.5,28/09/2015,18:50:03
72.5,28/09/2015,18:50:03
22.75,72.95,28/09/2015,18:55:03
72.95,28/09/2015,18:55:03
22.937,73.2866,28/09/2015,19:00:03
73.2866,28/09/2015,19:00:03
22.375,72.275,28/09/2015,19:05:03
72.275,28/09/2015,19:05:03
21.625,70.925,28/09/2015,19:10:03
70.925,28/09/2015,19:10:03
21.625,70.925,28/09/2015,19:15:03
70.925,28/09/2015,19:15:03
21.875,71.375,28/09/2015,19:20:03
71.375,28/09/2015,19:20:03
22.062,71.7116,28/09/2015,19:25:03
71.7116,28/09/2015,19:25:03
22.312,72.1616,28/09/2015,19:30:03
72.1616,28/09/2015,19:30:03
22.562,72.61160000000001,28/09/2015,19:35:03
72.61160000000001,28/09/2015,19:35:03
22.75,72.95,28/09/2015,19:40:03
72.95,28/09/2015,19:40:03
23.0,73.4,28/09/2015,19:45:03
73.4,28/09/2015,19:45:03
22.437,72.3866,28/09/2015,19:50:03
72.3866,28/09/2015,19:50:03
21.687,71.0366,28/09/2015,19:55:03
71.0366,28/09/2015,19:55:03
21.625,70.925,28/09/2015,20:00:03
70.925,28/09/2015,20:00:03
21.875,71.375,28/09/2015,20:05:03
71.375,28/09/2015,20:05:03
22.125,71.825,28/09/2015,20:10:03
71.825,28/09/2015,20:10:03
22.375,72.275,28/09/2015,20:15:03
72.275,28/09/2015,20:15:03
22.562,72.61160000000001,28/09/2015,20:20:03
72.61160000000001,28/09/2015,20:20:03
22.812,73.0616,28/09/2015,20:25:03
73.0616,28/09/2015,20:25:03
22.187,71.9366,28/09/2015,20:30:03
71.9366,28/09/2015,20:30:03
21.562,70.8116,28/09/2015,20:35:03
70.8116,28/09/2015,20:35:03
21.562,70.8116,28/09/2015,20:40:03
70.8116,28/09/2015,20:40:03
21.812,71.2616,28/09/2015,20:45:03
71.2616,28/09/2015,20:45:03
22.062,71.7116,28/09/2015,20:50:03
71.7116,28/09/2015,20:50:03
22.312,72.1616,28/09/2015,20:55:03
72.1616,28/09/2015,20:55:03
22.5,72.5,28/09/2015,21:00:03
72.5,28/09/2015,21:00:03
22.75,72.95,28/09/2015,21:05:03
72.95,28/09/2015,21:05:03
22.937,73.2866,28/09/2015,21:10:03
73.2866,28/09/2015,21:10:03
22.375,72.275,28/09/2015,21:15:03
72.275,28/09/2015,21:15:03
21.625,70.925,28/09/2015,21:20:03
70.925,28/09/2015,21:20:03
21.625,70.925,28/09/2015,21:25:03
70.925,28/09/2015,21:25:03
21.937,71.48660000000001,28/09/2015,21:30:03
71.48660000000001,28/09/2015,21:30:03
22.125,71.825,28/09/2015,21:35:03
71.825,28/09/2015,21:35:03
22.312,72.1616,28/09/2015,21:40:03
72.1616,28/09/2015,21:40:03
22.562,72.61160000000001,28/09/2015,21:45:03
72.61160000000001,28/09/2015,21:45:03
22.75,72.95,28/09/2015,21:50:03
72.95,28/09/2015,21:50:03
23.0,73.4,28/09/2015,21:55:03
73.4,28/09/2015,21:55:03
22.375,72.275,28/09/2015,22:00:03
72.275,28/09/2015,22:00:03
21.687,71.0366,28/09/2015,22:05:03
71.0366,28/09/2015,22:05:03
21.625,70.925,28/09/2015,22:10:03
70.925,28/09/2015,22:10:03
21.875,71.375,28/09/2015,22:15:03
71.375,28/09/2015,22:15:03
22.125,71.825,28/09/2015,22:20:03
71.825,28/09/2015,22:20:03
22.375,72.275,28/09/2015,22:25:03
72.275,28/09/2015,22:25:03
22.562,72.61160000000001,28/09/2015,22:30:03
72.61160000000001,28/09/2015,22:30:03
22.75,72.95,28/09/2015,22:35:03
72.95,28/09/2015,22:35:03
23.0,73.4,28/09/2015,22:40:03
73.4,28/09/2015,22:40:03
22.375,72.275,28/09/2015,22:45:03
72.275,28/09/2015,22:45:03
21.625,70.925,28/09/2015,22:50:03
70.925,28/09/2015,22:50:03
21.562,70.8116,28/09/2015,22:55:03
70.8116,28/09/2015,22:55:03
21.875,71.375,28/09/2015,23:00:03
71.375,28/09/2015,23:00:03
22.125,71.825,28/09/2015,23:05:03
71.825,28/09/2015,23:05:03
22.312,72.1616,28/09/2015,23:10:03
72.1616,28/09/2015,23:10:03
22.562,72.61160000000001,28/09/2015,23:15:03
72.61160000000001,28/09/2015,23:15:03
22.75,72.95,28/09/2015,23:20:03
72.95,28/09/2015,23:20:03
22.937,73.2866,28/09/2015,23:25:03
73.2866,28/09/2015,23:25:03
22.375,72.275,28/09/2015,23:30:03
72.275,28/09/2015,23:30:03
21.625,70.925,28/09/2015,23:35:03
70.925,28/09/2015,23:35:03
21.562,70.8116,28/09/2015,23:40:03
70.8116,28/09/2015,23:40:03
21.812,71.2616,28/09/2015,23:45:03
71.2616,28/09/2015,23:45:03
22.062,71.7116,28/09/2015,23:50:03
71.7116,28/09/2015,23:50:03
22.312,72.1616,28/09/2015,23:55:03
72.1616,28/09/2015,23:55:03
22.5,72.5,29/09/2015,00:00:03
72.5,29/09/2015,00:00:03
22.687,72.8366,29/09/2015,00:05:03
72.8366,29/09/2015,00:05:03
22.875,73.175,29/09/2015,00:10:03
73.175,29/09/2015,00:10:03
22.312,72.1616,29/09/2015,00:15:03
72.1616,29/09/2015,00:15:03
21.562,70.8116,29/09/2015,00:20:03
70.8116,29/09/2015,00:20:03
21.5,70.7,29/09/2015,00:25:03
70.7,29/09/2015,00:25:03
21.75,71.15,29/09/2015,00:30:03
71.15,29/09/2015,00:30:03
22.0,71.6,29/09/2015,00:35:03
71.6,29/09/2015,00:35:03
22.25,72.05,29/09/2015,00:40:03
72.05,29/09/2015,00:40:03
22.437,72.3866,29/09/2015,00:45:03
72.3866,29/09/2015,00:45:03
22.625,72.725,29/09/2015,00:50:03
72.725,29/09/2015,00:50:03
22.812,73.0616,29/09/2015,00:55:03
73.0616,29/09/2015,00:55:03
22.25,72.05,29/09/2015,01:00:03
72.05,29/09/2015,01:00:03
21.562,70.8116,29/09/2015,01:05:03
70.8116,29/09/2015,01:05:03
21.5,70.7,29/09/2015,01:10:03
70.7,29/09/2015,01:10:03
21.75,71.15,29/09/2015,01:15:03
71.15,29/09/2015,01:15:03
22.0,71.6,29/09/2015,01:20:03
71.6,29/09/2015,01:20:03
22.187,71.9366,29/09/2015,01:25:03
71.9366,29/09/2015,01:25:03
22.437,72.3866,29/09/2015,01:30:03
72.3866,29/09/2015,01:30:03
22.625,72.725,29/09/2015,01:35:03
72.725,29/09/2015,01:35:03
22.75,72.95,29/09/2015,01:40:03
72.95,29/09/2015,01:40:03
22.937,73.2866,29/09/2015,01:45:03
73.2866,29/09/2015,01:45:03
22.375,72.275,29/09/2015,01:50:03
72.275,29/09/2015,01:50:03
21.562,70.8116,29/09/2015,01:55:03
70.8116,29/09/2015,01:55:03
21.5,70.7,29/09/2015,02:00:03
70.7,29/09/2015,02:00:03
21.75,71.15,29/09/2015,02:05:03
71.15,29/09/2015,02:05:03
22.0,71.6,29/09/2015,02:10:03
71.6,29/09/2015,02:10:03
22.187,71.9366,29/09/2015,02:15:03
71.9366,29/09/2015,02:15:03
22.375,72.275,29/09/2015,02:20:03
72.275,29/09/2015,02:20:03
22.562,72.61160000000001,29/09/2015,02:25:03
72.61160000000001,29/09/2015,02:25:03
22.75,72.95,29/09/2015,02:30:03
72.95,29/09/2015,02:30:03
22.875,73.175,29/09/2015,02:35:03
73.175,29/09/2015,02:35:03
22.312,72.1616,29/09/2015,02:40:03
72.1616,29/09/2015,02:40:03
21.5,70.7,29/09/2015,02:45:03
70.7,29/09/2015,02:45:03
21.437,70.5866,29/09/2015,02:50:03
70.5866,29/09/2015,02:50:03
21.687,71.0366,29/09/2015,02:55:03
71.0366,29/09/2015,02:55:03
21.875,71.375,29/09/2015,03:00:03
71.375,29/09/2015,03:00:03
22.125,71.825,29/09/2015,03:05:03
71.825,29/09/2015,03:05:03
22.312,72.1616,29/09/2015,03:10:03
72.1616,29/09/2015,03:10:03
22.5,72.5,29/09/2015,03:15:03
72.5,29/09/2015,03:15:03
22.687,72.8366,29/09/2015,03:20:03
72.8366,29/09/2015,03:20:03
22.812,73.0616,29/09/2015,03:25:03
73.0616,29/09/2015,03:25:03
22.25,72.05,29/09/2015,03:30:03
72.05,29/09/2015,03:30:03
21.437,70.5866,29/09/2015,03:35:03
70.5866,29/09/2015,03:35:03
21.375,70.475,29/09/2015,03:40:03
70.475,29/09/2015,03:40:03
21.562,70.8116,29/09/2015,03:45:03
70.8116,29/09/2015,03:45:03
21.812,71.2616,29/09/2015,03:50:03
71.2616,29/09/2015,03:50:03
22.0,71.6,29/09/2015,03:55:03
71.6,29/09/2015,03:55:03
22.25,72.05,29/09/2015,04:00:03
72.05,29/09/2015,04:00:03
22.375,72.275,29/09/2015,04:05:03
72.275,29/09/2015,04:05:03
22.562,72.61160000000001,29/09/2015,04:10:03
72.61160000000001,29/09/2015,04:10:03
22.75,72.95,29/09/2015,04:15:03
72.95,29/09/2015,04:15:03
22.875,73.175,29/09/2015,04:20:03
73.175,29/09/2015,04:20:03
22.312,72.1616,29/09/2015,04:25:03
72.1616,29/09/2015,04:25:03
21.437,70.5866,29/09/2015,04:30:03
70.5866,29/09/2015,04:30:03
21.375,70.475,29/09/2015,04:35:03
70.475,29/09/2015,04:35:03
21.562,70.8116,29/09/2015,04:40:03
70.8116,29/09/2015,04:40:03
21.812,71.2616,29/09/2015,04:45:03
71.2616,29/09/2015,04:45:03
22.0,71.6,29/09/2015,04:50:03
71.6,29/09/2015,04:50:03
22.187,71.9366,29/09/2015,04:55:03
71.9366,29/09/2015,04:55:03
22.375,72.275,29/09/2015,05:00:03
72.275,29/09/2015,05:00:03
22.5,72.5,29/09/2015,05:05:03
72.5,29/09/2015,05:05:03
22.687,72.8366,29/09/2015,05:10:03
72.8366,29/09/2015,05:10:03
22.812,73.0616,29/09/2015,05:15:03
73.0616,29/09/2015,05:15:03
22.25,72.05,29/09/2015,05:20:03
72.05,29/09/2015,05:20:03
21.375,70.475,29/09/2015,05:25:03
70.475,29/09/2015,05:25:03
21.25,70.25,29/09/2015,05:30:03
70.25,29/09/2015,05:30:03
21.5,70.7,29/09/2015,05:35:03
70.7,29/09/2015,05:35:03
21.687,71.0366,29/09/2015,05:40:03
71.0366,29/09/2015,05:40:03
21.875,71.375,29/09/2015,05:45:03
71.375,29/09/2015,05:45:03
22.062,71.7116,29/09/2015,05:50:03
71.7116,29/09/2015,05:50:03
22.25,72.05,29/09/2015,05:55:03
72.05,29/09/2015,05:55:03
22.437,72.3866,29/09/2015,06:00:03
72.3866,29/09/2015,06:00:03
22.562,72.61160000000001,29/09/2015,06:05:03
72.61160000000001,29/09/2015,06:05:03
22.75,72.95,29/09/2015,06:10:03
72.95,29/09/2015,06:10:03
22.812,73.0616,29/09/2015,06:15:03
73.0616,29/09/2015,06:15:03
22.187,71.9366,29/09/2015,06:20:03
71.9366,29/09/2015,06:20:03
21.375,70.475,29/09/2015,06:25:03
70.475,29/09/2015,06:25:03
21.25,70.25,29/09/2015,06:30:03
70.25,29/09/2015,06:30:03
21.437,70.5866,29/09/2015,06:35:03
70.5866,29/09/2015,06:35:03
21.687,71.0366,29/09/2015,06:40:03
71.0366,29/09/2015,06:40:03
21.875,71.375,29/09/2015,06:45:03
71.375,29/09/2015,06:45:03
22.0,71.6,29/09/2015,06:50:03
71.6,29/09/2015,06:50:03
22.187,71.9366,29/09/2015,06:55:03
71.9366,29/09/2015,06:55:03
22.375,72.275,29/09/2015,07:00:03
72.275,29/09/2015,07:00:03
22.5,72.5,29/09/2015,07:05:03
72.5,29/09/2015,07:05:03
22.625,72.725,29/09/2015,07:10:03
72.725,29/09/2015,07:10:03
22.75,72.95,29/09/2015,07:15:03
72.95,29/09/2015,07:15:03
22.812,73.0616,29/09/2015,07:20:03
73.0616,29/09/2015,07:20:03
22.25,72.05,29/09/2015,07:25:03
72.05,29/09/2015,07:25:03
21.375,70.475,29/09/2015,07:30:03
70.475,29/09/2015,07:30:03
21.25,70.25,29/09/2015,07:35:03
70.25,29/09/2015,07:35:03
21.437,70.5866,29/09/2015,07:40:03
70.5866,29/09/2015,07:40:03
21.687,71.0366,29/09/2015,07:45:03
71.0366,29/09/2015,07:45:03
21.812,71.2616,29/09/2015,07:50:03
71.2616,29/09/2015,07:50:03
22.0,71.6,29/09/2015,07:55:03
71.6,29/09/2015,07:55:03
22.187,71.9366,29/09/2015,08:00:03
71.9366,29/09/2015,08:00:03
22.312,72.1616,29/09/2015,08:05:03
72.1616,29/09/2015,08:05:03
22.437,72.3866,29/09/2015,08:10:03
72.3866,29/09/2015,08:10:03
22.562,72.61160000000001,29/09/2015,08:15:03
72.61160000000001,29/09/2015,08:15:03
22.687,72.8366,29/09/2015,08:20:03
72.8366,29/09/2015,08:20:03
22.812,73.0616,29/09/2015,08:25:03
73.0616,29/09/2015,08:25:03
22.25,72.05,29/09/2015,08:30:03
72.05,29/09/2015,08:30:03
21.375,70.475,29/09/2015,08:35:03
70.475,29/09/2015,08:35:03
21.187,70.1366,29/09/2015,08:40:03
70.1366,29/09/2015,08:40:03
21.375,70.475,29/09/2015,08:45:03
70.475,29/09/2015,08:45:03
21.625,70.925,29/09/2015,08:50:03
70.925,29/09/2015,08:50:03
21.812,71.2616,29/09/2015,08:55:03
71.2616,29/09/2015,08:55:03
21.937,71.48660000000001,29/09/2015,09:00:03
71.48660000000001,29/09/2015,09:00:03
22.125,71.825,29/09/2015,09:05:03
71.825,29/09/2015,09:05:03
22.25,72.05,29/09/2015,09:10:03
72.05,29/09/2015,09:10:03
22.437,72.3866,29/09/2015,09:15:03
72.3866,29/09/2015,09:15:03
22.5,72.5,29/09/2015,09:20:03
72.5,29/09/2015,09:20:03
22.625,72.725,29/09/2015,09:25:03
72.725,29/09/2015,09:25:03
22.75,72.95,29/09/2015,09:30:03
72.95,29/09/2015,09:30:03
22.75,72.95,29/09/2015,09:35:03
72.95,29/09/2015,09:35:03
22.875,73.175,29/09/2015,09:40:03
73.175,29/09/2015,09:40:03
22.312,72.1616,29/09/2015,09:45:03
72.1616,29/09/2015,09:45:03
21.375,70.475,29/09/2015,09:50:03
70.475,29/09/2015,09:50:03
21.25,70.25,29/09/2015,09:55:03
70.25,29/09/2015,09:55:03
21.437,70.5866,29/09/2015,10:00:03
70.5866,29/09/2015,10:00:03
21.687,71.0366,29/09/2015,10:05:03
71.0366,29/09/2015,10:05:03
21.812,71.2616,29/09/2015,10:10:03
71.2616,29/09/2015,10:10:03
22.0,71.6,29/09/2015,10:15:03
71.6,29/09/2015,10:15:03
22.125,71.825,29/09/2015,10:20:03
71.825,29/09/2015,10:20:03
22.25,72.05,29/09/2015,10:25:03
72.05,29/09/2015,10:25:03
22.437,72.3866,29/09/2015,10:30:03
72.3866,29/09/2015,10:30:03
22.562,72.61160000000001,29/09/2015,10:35:03
72.61160000000001,29/09/2015,10:35:03
22.687,72.8366,29/09/2015,10:40:03
72.8366,29/09/2015,10:40:03
22.75,72.95,29/09/2015,10:45:03
72.95,29/09/2015,10:45:03
22.812,73.0616,29/09/2015,10:50:03
73.0616,29/09/2015,10:50:03
22.25,72.05,29/09/2015,10:55:03
72.05,29/09/2015,10:55:03
21.375,70.475,29/09/2015,11:00:03
70.475,29/09/2015,11:00:03
21.25,70.25,29/09/2015,11:05:03
70.25,29/09/2015,11:05:03
21.437,70.5866,29/09/2015,11:10:03
70.5866,29/09/2015,11:10:03
21.687,71.0366,29/09/2015,11:15:03
71.0366,29/09/2015,11:15:03
21.812,71.2616,29/09/2015,11:20:03
71.2616,29/09/2015,11:20:03
22.0,71.6,29/09/2015,11:25:03
71.6,29/09/2015,11:25:03
22.187,71.9366,29/09/2015,11:30:03
71.9366,29/09/2015,11:30:03
22.312,72.1616,29/09/2015,11:35:03
72.1616,29/09/2015,11:35:03
22.437,72.3866,29/09/2015,11:40:03
72.3866,29/09/2015,11:40:03
22.562,72.61160000000001,29/09/2015,11:45:03
72.61160000000001,29/09/2015,11:45:03
22.687,72.8366,29/09/2015,11:50:03
72.8366,29/09/2015,11:50:03
22.812,73.0616,29/09/2015,11:55:03
73.0616,29/09/2015,11:55:03
22.25,72.05,29/09/2015,12:00:03
72.05,29/09/2015,12:00:03
21.375,70.475,29/09/2015,12:05:03
70.475,29/09/2015,12:05:03
21.25,70.25,29/09/2015,12:10:03
70.25,29/09/2015,12:10:03
21.437,70.5866,29/09/2015,12:15:03
70.5866,29/09/2015,12:15:03
21.687,71.0366,29/09/2015,12:20:03
71.0366,29/09/2015,12:20:03
21.875,71.375,29/09/2015,12:25:03
71.375,29/09/2015,12:25:03
22.062,71.7116,29/09/2015,12:30:03
71.7116,29/09/2015,12:30:03
22.25,72.05,29/09/2015,12:35:03
72.05,29/09/2015,12:35:03
22.437,72.3866,29/09/2015,12:40:03
72.3866,29/09/2015,12:40:03
22.562,72.61160000000001,29/09/2015,12:45:03
72.61160000000001,29/09/2015,12:45:03
22.687,72.8366,29/09/2015,12:50:03
72.8366,29/09/2015,12:50:03
22.875,73.175,29/09/2015,12:55:03
73.175,29/09/2015,12:55:03
22.312,72.1616,29/09/2015,13:00:03
72.1616,29/09/2015,13:00:03
21.437,70.5866,29/09/2015,13:05:03
70.5866,29/09/2015,13:05:03
21.312,70.36160000000001,29/09/2015,13:10:03
70.36160000000001,29/09/2015,13:10:03
21.562,70.8116,29/09/2015,13:15:03
70.8116,29/09/2015,13:15:03
21.812,71.2616,29/09/2015,13:20:03
71.2616,29/09/2015,13:20:03
22.0,71.6,29/09/2015,13:25:03
71.6,29/09/2015,13:25:03
22.187,71.9366,29/09/2015,13:30:03
71.9366,29/09/2015,13:30:03
22.375,72.275,29/09/2015,13:35:03
72.275,29/09/2015,13:35:03
22.562,72.61160000000001,29/09/2015,13:40:03
72.61160000000001,29/09/2015,13:40:03
22.687,72.8366,29/09/2015,13:45:03
72.8366,29/09/2015,13:45:03
22.875,73.175,29/09/2015,13:50:03
73.175,29/09/2015,13:50:03
22.312,72.1616,29/09/2015,13:55:03
72.1616,29/09/2015,13:55:03
21.5,70.7,29/09/2015,14:00:03
70.7,29/09/2015,14:00:03
21.437,70.5866,29/09/2015,14:05:03
70.5866,29/09/2015,14:05:03
21.625,70.925,29/09/2015,14:10:03
70.925,29/09/2015,14:10:03
21.875,71.375,29/09/2015,14:15:03
71.375,29/09/2015,14:15:03
22.062,71.7116,29/09/2015,14:20:03
71.7116,29/09/2015,14:20:03
22.25,72.05,29/09/2015,14:25:03
72.05,29/09/2015,14:25:03
22.437,72.3866,29/09/2015,14:30:03
72.3866,29/09/2015,14:30:03
22.687,72.8366,29/09/2015,14:35:03
72.8366,29/09/2015,14:35:03
22.812,73.0616,29/09/2015,14:40:03
73.0616,29/09/2015,14:40:03
22.25,72.05,29/09/2015,14:45:03
72.05,29/09/2015,14:45:03
21.5,70.7,29/09/2015,14:50:03
70.7,29/09/2015,14:50:03
21.5,70.7,29/09/2015,14:55:03
70.7,29/09/2015,14:55:03
21.687,71.0366,29/09/2015,15:00:03
71.0366,29/09/2015,15:00:03
21.937,71.48660000000001,29/09/2015,15:05:03
71.48660000000001,29/09/2015,15:05:03
22.125,71.825,29/09/2015,15:10:03
71.825,29/09/2015,15:10:03
22.375,72.275,29/09/2015,15:15:03
72.275,29/09/2015,15:15:03
22.562,72.61160000000001,29/09/2015,15:20:03
72.61160000000001,29/09/2015,15:20:03
22.812,73.0616,29/09/2015,15:25:03
73.0616,29/09/2015,15:25:03
22.25,72.05,29/09/2015,15:30:03
72.05,29/09/2015,15:30:03
21.5,70.7,29/09/2015,15:35:03
70.7,29/09/2015,15:35:03
21.5,70.7,29/09/2015,15:40:03
70.7,29/09/2015,15:40:03
21.75,71.15,29/09/2015,15:45:03
71.15,29/09/2015,15:45:03
21.937,71.48660000000001,29/09/2015,15:50:03
71.48660000000001,29/09/2015,15:50:03
22.187,71.9366,29/09/2015,15:55:03
71.9366,29/09/2015,15:55:03
22.375,72.275,29/09/2015,16:00:03
72.275,29/09/2015,16:00:03
22.625,72.725,29/09/2015,16:05:03
72.725,29/09/2015,16:05:03
22.875,73.175,29/09/2015,16:10:03
73.175,29/09/2015,16:10:03
22.25,72.05,29/09/2015,16:15:03
72.05,29/09/2015,16:15:03
21.5,70.7,29/09/2015,16:20:03
70.7,29/09/2015,16:20:03
21.5,70.7,29/09/2015,16:25:03
70.7,29/09/2015,16:25:03
21.812,71.2616,29/09/2015,16:30:03
71.2616,29/09/2015,16:30:03
22.0,71.6,29/09/2015,16:35:03
71.6,29/09/2015,16:35:03
22.25,72.05,29/09/2015,16:40:03
72.05,29/09/2015,16:40:03
22.5,72.5,29/09/2015,16:45:03
72.5,29/09/2015,16:45:03
22.75,72.95,29/09/2015,16:50:03
72.95,29/09/2015,16:50:03
23.0,73.4,29/09/2015,16:55:03
73.4,29/09/2015,16:55:03
22.375,72.275,29/09/2015,17:00:03
72.275,29/09/2015,17:00:03
21.687,71.0366,29/09/2015,17:05:03
71.0366,29/09/2015,17:05:03
21.687,71.0366,29/09/2015,17:10:03
71.0366,29/09/2015,17:10:03
21.937,71.48660000000001,29/09/2015,17:15:03
71.48660000000001,29/09/2015,17:15:03
22.187,71.9366,29/09/2015,17:20:03
71.9366,29/09/2015,17:20:03
22.375,72.275,29/09/2015,17:25:03
72.275,29/09/2015,17:25:03
22.625,72.725,29/09/2015,17:30:03
72.725,29/09/2015,17:30:03
22.875,73.175,29/09/2015,17:35:03
73.175,29/09/2015,17:35:03
22.312,72.1616,29/09/2015,17:40:03
72.1616,29/09/2015,17:40:03
21.625,70.925,29/09/2015,17:45:03
70.925,29/09/2015,17:45:03
21.625,70.925,29/09/2015,17:50:11
70.925,29/09/2015,17:50:11
20.937,69.6866,29/09/2015,17:55:11
69.6866,29/09/2015,17:55:11
19.625,67.325,29/09/2015,18:00:11
67.325,29/09/2015,18:00:11
19.562,67.2116,29/09/2015,18:05:11
67.2116,29/09/2015,18:05:11
20.0,68.0,29/09/2015,18:10:11
68.0,29/09/2015,18:10:11
20.5,68.9,29/09/2015,18:15:11
68.9,29/09/2015,18:15:11
21.0,69.8,29/09/2015,18:20:11
69.8,29/09/2015,18:20:11
20.562,69.0116,29/09/2015,18:25:11
69.0116,29/09/2015,18:25:11
19.312,66.7616,29/09/2015,18:30:11
66.7616,29/09/2015,18:30:11
19.312,66.7616,29/09/2015,18:35:11
66.7616,29/09/2015,18:35:11
19.812,67.6616,29/09/2015,18:40:11
67.6616,29/09/2015,18:40:11
20.375,68.675,29/09/2015,18:45:11
68.675,29/09/2015,18:45:11
20.875,69.575,29/09/2015,18:50:11
69.575,29/09/2015,18:50:11
20.5,68.9,29/09/2015,18:55:11
68.9,29/09/2015,18:55:11
20.25,68.45,29/09/2015,19:00:11
68.45,29/09/2015,19:00:11
20.562,69.0116,29/09/2015,19:05:11
69.0116,29/09/2015,19:05:11
20.0,68.0,29/09/2015,19:10:11
68.0,29/09/2015,19:10:11
19.812,67.6616,29/09/2015,19:15:11
67.6616,29/09/2015,19:15:11
20.25,68.45,29/09/2015,19:20:11
68.45,29/09/2015,19:20:11
20.687,69.23660000000001,29/09/2015,19:25:11
69.23660000000001,29/09/2015,19:25:11
20.187,68.3366,29/09/2015,19:30:11
68.3366,29/09/2015,19:30:11
19.937,67.8866,29/09/2015,19:35:11
67.8866,29/09/2015,19:35:11
20.25,68.45,29/09/2015,19:40:11
68.45,29/09/2015,19:40:11
20.75,69.35,29/09/2015,19:45:11
69.35,29/09/2015,19:45:11
20.25,68.45,29/09/2015,19:50:11
68.45,29/09/2015,19:50:11
20.0,68.0,29/09/2015,19:55:11
68.0,29/09/2015,19:55:11
20.312,68.5616,29/09/2015,20:00:11
68.5616,29/09/2015,20:00:11
20.75,69.35,29/09/2015,20:05:11
69.35,29/09/2015,20:05:11
20.312,68.5616,29/09/2015,20:10:11
68.5616,29/09/2015,20:10:11
20.0,68.0,29/09/2015,20:15:11
68.0,29/09/2015,20:15:11
20.312,68.5616,29/09/2015,20:20:11
68.5616,29/09/2015,20:20:11
20.75,69.35,29/09/2015,20:25:11
69.35,29/09/2015,20:25:11
20.312,68.5616,29/09/2015,20:30:11
68.5616,29/09/2015,20:30:11
20.062,68.11160000000001,29/09/2015,20:35:11
68.11160000000001,29/09/2015,20:35:11
20.312,68.5616,29/09/2015,20:40:11
68.5616,29/09/2015,20:40:11
20.75,69.35,29/09/2015,20:45:11
69.35,29/09/2015,20:45:11
20.312,68.5616,29/09/2015,20:50:11
68.5616,29/09/2015,20:50:11
20.0,68.0,29/09/2015,20:55:11
68.0,29/09/2015,20:55:11
20.25,68.45,29/09/2015,21:00:11
68.45,29/09/2015,21:00:11
20.687,69.23660000000001,29/09/2015,21:05:11
69.23660000000001,29/09/2015,21:05:11
20.25,68.45,29/09/2015,21:10:11
68.45,29/09/2015,21:10:11
19.937,67.8866,29/09/2015,21:15:11
67.8866,29/09/2015,21:15:11
20.187,68.3366,29/09/2015,21:20:11
68.3366,29/09/2015,21:20:11
20.625,69.125,29/09/2015,21:25:11
69.125,29/09/2015,21:25:11
20.187,68.3366,29/09/2015,21:30:11
68.3366,29/09/2015,21:30:11
19.937,67.8866,29/09/2015,21:35:11
67.8866,29/09/2015,21:35:11
20.187,68.3366,29/09/2015,21:40:11
68.3366,29/09/2015,21:40:11
20.625,69.125,29/09/2015,21:45:11
69.125,29/09/2015,21:45:11
20.062,68.11160000000001,29/09/2015,21:50:27
68.11160000000001,29/09/2015,21:50:27
19.0,66.2,29/09/2015,21:55:27
66.2,29/09/2015,21:55:27
17.937,64.2866,29/09/2015,22:00:27
64.2866,29/09/2015,22:00:27
18.187,64.73660000000001,29/09/2015,22:05:27
64.73660000000001,29/09/2015,22:05:27
18.875,65.975,29/09/2015,22:10:27
65.975,29/09/2015,22:10:27
18.562,65.4116,29/09/2015,22:15:27
65.4116,29/09/2015,22:15:27
17.625,63.725,29/09/2015,22:20:27
63.725,29/09/2015,22:20:27
17.937,64.2866,29/09/2015,22:25:27
64.2866,29/09/2015,22:25:27
18.687,65.6366,29/09/2015,22:30:27
65.6366,29/09/2015,22:30:27
18.437,65.1866,29/09/2015,22:35:27
65.1866,29/09/2015,22:35:27
17.562,63.6116,29/09/2015,22:40:27
63.6116,29/09/2015,22:40:27
17.875,64.175,29/09/2015,22:45:27
64.175,29/09/2015,22:45:27
18.5,65.3,29/09/2015,22:50:27
65.3,29/09/2015,22:50:27
18.312,64.9616,29/09/2015,22:55:27
64.9616,29/09/2015,22:55:27
18.437,65.1866,29/09/2015,23:00:27
65.1866,29/09/2015,23:00:27
18.062,64.5116,29/09/2015,23:05:27
64.5116,29/09/2015,23:05:27
18.187,64.73660000000001,29/09/2015,23:10:27
64.73660000000001,29/09/2015,23:10:27
18.687,65.6366,29/09/2015,23:15:27
65.6366,29/09/2015,23:15:27
18.437,65.1866,29/09/2015,23:20:27
65.1866,29/09/2015,23:20:27
17.5,63.5,29/09/2015,23:25:27
63.5,29/09/2015,23:25:27
17.687,63.836600000000004,29/09/2015,23:30:27
63.836600000000004,29/09/2015,23:30:27
18.312,64.9616,29/09/2015,23:35:27
64.9616,29/09/2015,23:35:27
18.875,65.975,29/09/2015,23:40:27
65.975,29/09/2015,23:40:27
18.562,65.4116,29/09/2015,23:45:27
65.4116,29/09/2015,23:45:27
17.625,63.725,29/09/2015,23:50:27
63.725,29/09/2015,23:50:27
17.75,63.95,29/09/2015,23:55:27
63.95,29/09/2015,23:55:27
18.312,64.9616,30/09/2015,00:00:27
64.9616,30/09/2015,00:00:27
18.875,65.975,30/09/2015,00:05:27
65.975,30/09/2015,00:05:27
18.562,65.4116,30/09/2015,00:10:27
65.4116,30/09/2015,00:10:27
17.625,63.725,30/09/2015,00:15:27
63.725,30/09/2015,00:15:27
17.75,63.95,30/09/2015,00:20:27
63.95,30/09/2015,00:20:27
18.25,64.85,30/09/2015,00:25:27
64.85,30/09/2015,00:25:27
18.812,65.86160000000001,30/09/2015,00:30:27
65.86160000000001,30/09/2015,00:30:27
18.5,65.3,30/09/2015,00:35:27
65.3,30/09/2015,00:35:27
17.562,63.6116,30/09/2015,00:40:27
63.6116,30/09/2015,00:40:27
17.625,63.725,30/09/2015,00:45:27
63.725,30/09/2015,00:45:27
18.187,64.73660000000001,30/09/2015,00:50:27
64.73660000000001,30/09/2015,00:50:27
18.625,65.525,30/09/2015,00:55:27
65.525,30/09/2015,00:55:27
18.312,64.9616,30/09/2015,01:00:27
64.9616,30/09/2015,01:00:27
18.25,64.85,30/09/2015,01:05:27
64.85,30/09/2015,01:05:27
18.625,65.525,30/09/2015,01:10:27
65.525,30/09/2015,01:10:27
18.25,64.85,30/09/2015,01:15:27
64.85,30/09/2015,01:15:27
18.187,64.73660000000001,30/09/2015,01:20:27
64.73660000000001,30/09/2015,01:20:27
18.562,65.4116,30/09/2015,01:25:27
65.4116,30/09/2015,01:25:27
18.125,64.625,30/09/2015,01:30:27
64.625,30/09/2015,01:30:27
18.062,64.5116,30/09/2015,01:35:27
64.5116,30/09/2015,01:35:27
18.437,65.1866,30/09/2015,01:40:27
65.1866,30/09/2015,01:40:27
18.0,64.4,30/09/2015,01:45:27
64.4,30/09/2015,01:45:27
18.0,64.4,30/09/2015,01:50:52
64.4,30/09/2015,01:50:52
17.5,63.5,30/09/2015,01:55:52
63.5,30/09/2015,01:55:52
16.562,61.811600000000006,30/09/2015,02:00:52
61.811600000000006,30/09/2015,02:00:52
15.812,60.4616,30/09/2015,02:05:52
60.4616,30/09/2015,02:05:52
15.437,59.7866,30/09/2015,02:10:52
59.7866,30/09/2015,02:10:52
15.125,59.225,30/09/2015,02:15:52
59.225,30/09/2015,02:15:52
14.875,58.775,30/09/2015,02:20:52
58.775,30/09/2015,02:20:52
14.687,58.4366,30/09/2015,02:25:52
58.4366,30/09/2015,02:25:52
14.5,58.1,30/09/2015,02:30:52
58.1,30/09/2015,02:30:52
14.437,57.986599999999996,30/09/2015,02:35:52
57.986599999999996,30/09/2015,02:35:52
14.437,57.986599999999996,30/09/2015,02:40:52
57.986599999999996,30/09/2015,02:40:52
14.312,57.7616,30/09/2015,02:45:52
57.7616,30/09/2015,02:45:52
14.25,57.65,30/09/2015,02:50:52
57.65,30/09/2015,02:50:52
14.25,57.65,30/09/2015,02:55:52
57.65,30/09/2015,02:55:52
14.25,57.65,30/09/2015,03:00:52
57.65,30/09/2015,03:00:52
14.187,57.5366,30/09/2015,03:05:52
57.5366,30/09/2015,03:05:52
14.125,57.425,30/09/2015,03:10:52
57.425,30/09/2015,03:10:52
14.062,57.3116,30/09/2015,03:15:52
57.3116,30/09/2015,03:15:52
14.0,57.2,30/09/2015,03:20:52
57.2,30/09/2015,03:20:52
14.0,57.2,30/09/2015,03:25:52
57.2,30/09/2015,03:25:52
13.937,57.0866,30/09/2015,03:30:52
57.0866,30/09/2015,03:30:52
13.937,57.0866,30/09/2015,03:35:52
57.0866,30/09/2015,03:35:52
13.875,56.975,30/09/2015,03:40:52
56.975,30/09/2015,03:40:52
13.875,56.975,30/09/2015,03:45:52
56.975,30/09/2015,03:45:52
13.812,56.861599999999996,30/09/2015,03:50:52
56.861599999999996,30/09/2015,03:50:52
13.75,56.75,30/09/2015,03:55:52
56.75,30/09/2015,03:55:52
13.75,56.75,30/09/2015,04:00:52
56.75,30/09/2015,04:00:52
13.687,56.6366,30/09/2015,04:05:52
56.6366,30/09/2015,04:05:52
13.625,56.525,30/09/2015,04:10:52
56.525,30/09/2015,04:10:52
13.562,56.4116,30/09/2015,04:15:52
56.4116,30/09/2015,04:15:52
13.5,56.3,30/09/2015,04:20:52
56.3,30/09/2015,04:20:52
13.5,56.3,30/09/2015,04:25:52
56.3,30/09/2015,04:25:52
13.437,56.1866,30/09/2015,04:30:52
56.1866,30/09/2015,04:30:52
13.375,56.075,30/09/2015,04:35:52
56.075,30/09/2015,04:35:52
13.312,55.9616,30/09/2015,04:40:52
55.9616,30/09/2015,04:40:52
13.312,55.9616,30/09/2015,04:45:52
55.9616,30/09/2015,04:45:52
13.25,55.85,30/09/2015,04:50:52
55.85,30/09/2015,04:50:52
13.187,55.736599999999996,30/09/2015,04:55:52
55.736599999999996,30/09/2015,04:55:52
13.187,55.736599999999996,30/09/2015,05:00:52
55.736599999999996,30/09/2015,05:00:52
13.125,55.625,30/09/2015,05:05:52
55.625,30/09/2015,05:05:52
13.125,55.625,30/09/2015,05:10:52
55.625,30/09/2015,05:10:52
13.0,55.4,30/09/2015,05:15:52
55.4,30/09/2015,05:15:52
12.937,55.2866,30/09/2015,05:20:52
55.2866,30/09/2015,05:20:52
12.937,55.2866,30/09/2015,05:25:52
55.2866,30/09/2015,05:25:52
12.875,55.175,30/09/2015,05:30:52
55.175,30/09/2015,05:30:52
12.812,55.0616,30/09/2015,05:35:52
55.0616,30/09/2015,05:35:52
12.75,54.95,30/09/2015,05:40:52
54.95,30/09/2015,05:40:52
12.687,54.8366,30/09/2015,05:45:52
54.8366,30/09/2015,05:45:52
12.625,54.725,30/09/2015,05:51:07
54.725,30/09/2015,05:51:07
12.625,54.725,30/09/2015,05:56:07
54.725,30/09/2015,05:56:07
12.562,54.611599999999996,30/09/2015,06:01:07
54.611599999999996,30/09/2015,06:01:07
12.5,54.5,30/09/2015,06:06:07
54.5,30/09/2015,06:06:07
12.437,54.3866,30/09/2015,06:11:07
54.3866,30/09/2015,06:11:07
12.437,54.3866,30/09/2015,06:16:07
54.3866,30/09/2015,06:16:07
12.375,54.275,30/09/2015,06:21:07
54.275,30/09/2015,06:21:07
12.25,54.05,30/09/2015,06:26:07
54.05,30/09/2015,06:26:07
12.25,54.05,30/09/2015,06:31:07
54.05,30/09/2015,06:31:07
12.187,53.9366,30/09/2015,06:36:07
53.9366,30/09/2015,06:36:07
12.187,53.9366,30/09/2015,06:41:07
53.9366,30/09/2015,06:41:07
12.125,53.825,30/09/2015,06:46:07
53.825,30/09/2015,06:46:07
12.062,53.7116,30/09/2015,06:51:07
53.7116,30/09/2015,06:51:07
12.062,53.7116,30/09/2015,06:56:07
53.7116,30/09/2015,06:56:07
11.937,53.486599999999996,30/09/2015,07:01:07
53.486599999999996,30/09/2015,07:01:07
11.937,53.486599999999996,30/09/2015,07:06:07
53.486599999999996,30/09/2015,07:06:07
11.875,53.375,30/09/2015,07:11:07
53.375,30/09/2015,07:11:07
11.875,53.375,30/09/2015,07:16:07
53.375,30/09/2015,07:16:07
11.812,53.2616,30/09/2015,07:21:07
53.2616,30/09/2015,07:21:07
11.75,53.15,30/09/2015,07:26:07
53.15,30/09/2015,07:26:07
11.75,53.15,30/09/2015,07:31:07
53.15,30/09/2015,07:31:07
11.687,53.0366,30/09/2015,07:36:08
53.0366,30/09/2015,07:36:08
11.625,52.925,30/09/2015,07:41:07
52.925,30/09/2015,07:41:07
11.625,52.925,30/09/2015,07:46:07
52.925,30/09/2015,07:46:07
11.562,52.8116,30/09/2015,07:51:07
52.8116,30/09/2015,07:51:07
11.5,52.7,30/09/2015,07:56:07
52.7,30/09/2015,07:56:07
11.5,52.7,30/09/2015,08:01:07
52.7,30/09/2015,08:01:07
11.437,52.5866,30/09/2015,08:06:07
52.5866,30/09/2015,08:06:07
11.375,52.475,30/09/2015,08:11:07
52.475,30/09/2015,08:11:07
11.375,52.475,30/09/2015,08:16:07
52.475,30/09/2015,08:16:07
11.312,52.361599999999996,30/09/2015,08:21:07
52.361599999999996,30/09/2015,08:21:07
11.25,52.25,30/09/2015,08:26:07
52.25,30/09/2015,08:26:07
11.25,52.25,30/09/2015,08:31:07
52.25,30/09/2015,08:31:07
11.25,52.25,30/09/2015,08:36:07
52.25,30/09/2015,08:36:07
11.187,52.1366,30/09/2015,08:41:07
52.1366,30/09/2015,08:41:07
11.187,52.1366,30/09/2015,08:46:07
52.1366,30/09/2015,08:46:07
11.125,52.025,30/09/2015,08:51:07
52.025,30/09/2015,08:51:07
11.062,51.9116,30/09/2015,08:56:07
51.9116,30/09/2015,08:56:07
11.0,51.8,30/09/2015,09:01:07
51.8,30/09/2015,09:01:07
11.0,51.8,30/09/2015,09:06:07
51.8,30/09/2015,09:06:07
11.0,51.8,30/09/2015,09:11:07
51.8,30/09/2015,09:11:07
10.937,51.6866,30/09/2015,09:16:07
51.6866,30/09/2015,09:16:07
10.937,51.6866,30/09/2015,09:21:07
51.6866,30/09/2015,09:21:07
10.937,51.6866,30/09/2015,09:26:07
51.6866,30/09/2015,09:26:07
10.875,51.575,30/09/2015,09:31:07
51.575,30/09/2015,09:31:07
10.812,51.4616,30/09/2015,09:36:07
51.4616,30/09/2015,09:36:07
10.812,51.4616,30/09/2015,09:41:07
51.4616,30/09/2015,09:41:07
10.75,51.35,30/09/2015,09:46:07
51.35,30/09/2015,09:46:07
10.75,51.35,30/09/2015,09:51:27
51.35,30/09/2015,09:51:27
10.687,51.236599999999996,30/09/2015,09:56:27
51.236599999999996,30/09/2015,09:56:27
10.687,51.236599999999996,30/09/2015,10:01:27
51.236599999999996,30/09/2015,10:01:27
10.625,51.125,30/09/2015,10:06:27
51.125,30/09/2015,10:06:27
10.625,51.125,30/09/2015,10:11:27
51.125,30/09/2015,10:11:27
10.562,51.0116,30/09/2015,10:16:27
51.0116,30/09/2015,10:16:27
10.562,51.0116,30/09/2015,10:21:27
51.0116,30/09/2015,10:21:27
10.562,51.0116,30/09/2015,10:26:27
51.0116,30/09/2015,10:26:27
10.562,51.0116,30/09/2015,10:31:27
51.0116,30/09/2015,10:31:27
10.5,50.9,30/09/2015,10:36:27
50.9,30/09/2015,10:36:27
10.5,50.9,30/09/2015,10:41:27
50.9,30/09/2015,10:41:27
10.5,50.9,30/09/2015,10:46:27
50.9,30/09/2015,10:46:27
10.5,50.9,30/09/2015,10:51:27
50.9,30/09/2015,10:51:27
10.5,50.9,30/09/2015,10:56:27
50.9,30/09/2015,10:56:27
10.437,50.7866,30/09/2015,11:01:27
50.7866,30/09/2015,11:01:27
10.437,50.7866,30/09/2015,11:06:27
50.7866,30/09/2015,11:06:27
10.375,50.675,30/09/2015,11:11:27
50.675,30/09/2015,11:11:27
10.375,50.675,30/09/2015,11:16:27
50.675,30/09/2015,11:16:27
10.375,50.675,30/09/2015,11:21:27
50.675,30/09/2015,11:21:27
10.375,50.675,30/09/2015,11:26:27
50.675,30/09/2015,11:26:27
10.375,50.675,30/09/2015,11:31:27
50.675,30/09/2015,11:31:27
10.312,50.5616,30/09/2015,11:36:27
50.5616,30/09/2015,11:36:27
10.312,50.5616,30/09/2015,11:41:27
50.5616,30/09/2015,11:41:27
10.312,50.5616,30/09/2015,11:46:27
50.5616,30/09/2015,11:46:27
10.312,50.5616,30/09/2015,11:51:27
50.5616,30/09/2015,11:51:27
10.312,50.5616,30/09/2015,11:56:27
50.5616,30/09/2015,11:56:27
10.25,50.45,30/09/2015,12:01:27
50.45,30/09/2015,12:01:27
10.25,50.45,30/09/2015,12:06:27
50.45,30/09/2015,12:06:27
10.312,50.5616,30/09/2015,12:11:27
50.5616,30/09/2015,12:11:27
10.312,50.5616,30/09/2015,12:16:27
50.5616,30/09/2015,12:16:27
10.312,50.5616,30/09/2015,12:21:27
50.5616,30/09/2015,12:21:27
10.312,50.5616,30/09/2015,12:26:27
50.5616,30/09/2015,12:26:27
10.312,50.5616,30/09/2015,12:31:27
50.5616,30/09/2015,12:31:27
10.312,50.5616,30/09/2015,12:36:27
50.5616,30/09/2015,12:36:27
10.312,50.5616,30/09/2015,12:41:27
50.5616,30/09/2015,12:41:27
10.312,50.5616,30/09/2015,12:46:27
50.5616,30/09/2015,12:46:27
10.312,50.5616,30/09/2015,12:51:27
50.5616,30/09/2015,12:51:27
10.312,50.5616,30/09/2015,12:56:27
50.5616,30/09/2015,12:56:27
10.312,50.5616,30/09/2015,13:01:27
50.5616,30/09/2015,13:01:27
10.312,50.5616,30/09/2015,13:06:27
50.5616,30/09/2015,13:06:27
10.312,50.5616,30/09/2015,13:11:27
50.5616,30/09/2015,13:11:27
10.312,50.5616,30/09/2015,13:16:27
50.5616,30/09/2015,13:16:27
10.375,50.675,30/09/2015,13:21:27
50.675,30/09/2015,13:21:27
10.375,50.675,30/09/2015,13:26:27
50.675,30/09/2015,13:26:27
10.437,50.7866,30/09/2015,13:31:27
50.7866,30/09/2015,13:31:27
10.375,50.675,30/09/2015,13:36:27
50.675,30/09/2015,13:36:27
10.375,50.675,30/09/2015,13:41:27
50.675,30/09/2015,13:41:27
10.437,50.7866,30/09/2015,13:46:27
50.7866,30/09/2015,13:46:27
10.437,50.7866,30/09/2015,13:51:27
50.7866,30/09/2015,13:51:27
10.437,50.7866,30/09/2015,13:56:27
50.7866,30/09/2015,13:56:27
10.437,50.7866,30/09/2015,14:01:27
50.7866,30/09/2015,14:01:27
10.5,50.9,30/09/2015,14:06:27
50.9,30/09/2015,14:06:27
10.5,50.9,30/09/2015,14:11:27
50.9,30/09/2015,14:11:27
10.5,50.9,30/09/2015,14:16:27
50.9,30/09/2015,14:16:27
10.5,50.9,30/09/2015,14:21:27
50.9,30/09/2015,14:21:27
10.5,50.9,30/09/2015,14:26:27
50.9,30/09/2015,14:26:27
10.5,50.9,30/09/2015,14:31:27
50.9,30/09/2015,14:31:27
10.5,50.9,30/09/2015,14:36:27
50.9,30/09/2015,14:36:27
10.562,51.0116,30/09/2015,14:41:27
51.0116,30/09/2015,14:41:27
10.562,51.0116,30/09/2015,14:46:27
51.0116,30/09/2015,14:46:27
10.562,51.0116,30/09/2015,14:51:27
51.0116,30/09/2015,14:51:27
10.562,51.0116,30/09/2015,14:56:27
51.0116,30/09/2015,14:56:27
10.562,51.0116,30/09/2015,15:01:27
51.0116,30/09/2015,15:01:27
10.562,51.0116,30/09/2015,15:06:27
51.0116,30/09/2015,15:06:27
10.562,51.0116,30/09/2015,15:11:27
51.0116,30/09/2015,15:11:27
10.562,51.0116,30/09/2015,15:16:27
51.0116,30/09/2015,15:16:27
10.562,51.0116,30/09/2015,15:21:27
51.0116,30/09/2015,15:21:27
10.625,51.125,30/09/2015,15:26:27
51.125,30/09/2015,15:26:27
10.625,51.125,30/09/2015,15:31:27
51.125,30/09/2015,15:31:27
10.687,51.236599999999996,30/09/2015,15:36:27
51.236599999999996,30/09/2015,15:36:27
10.687,51.236599999999996,30/09/2015,15:41:27
51.236599999999996,30/09/2015,15:41:27
10.687,51.236599999999996,30/09/2015,15:46:27
51.236599999999996,30/09/2015,15:46:27
10.687,51.236599999999996,30/09/2015,15:51:27
51.236599999999996,30/09/2015,15:51:27
10.75,51.35,30/09/2015,15:56:27
51.35,30/09/2015,15:56:27
10.75,51.35,30/09/2015,16:01:27
51.35,30/09/2015,16:01:27
10.687,51.236599999999996,30/09/2015,16:06:27
51.236599999999996,30/09/2015,16:06:27
10.75,51.35,30/09/2015,16:11:27
51.35,30/09/2015,16:11:27
10.75,51.35,30/09/2015,16:16:27
51.35,30/09/2015,16:16:27
10.75,51.35,30/09/2015,16:21:27
51.35,30/09/2015,16:21:27
10.687,51.236599999999996,30/09/2015,16:26:27
51.236599999999996,30/09/2015,16:26:27
10.75,51.35,30/09/2015,16:31:27
51.35,30/09/2015,16:31:27
10.75,51.35,30/09/2015,16:36:27
51.35,30/09/2015,16:36:27
10.812,51.4616,30/09/2015,16:41:27
51.4616,30/09/2015,16:41:27
10.812,51.4616,30/09/2015,16:46:27
51.4616,30/09/2015,16:46:27
10.812,51.4616,30/09/2015,16:51:27
51.4616,30/09/2015,16:51:27
10.875,51.575,30/09/2015,16:56:27
51.575,30/09/2015,16:56:27
10.812,51.4616,30/09/2015,17:01:27
51.4616,30/09/2015,17:01:27
10.875,51.575,30/09/2015,17:06:27
51.575,30/09/2015,17:06:27
10.875,51.575,30/09/2015,17:11:27
51.575,30/09/2015,17:11:27
10.875,51.575,30/09/2015,17:16:27
51.575,30/09/2015,17:16:27
10.937,51.6866,30/09/2015,17:21:27
51.6866,30/09/2015,17:21:27
11.187,52.1366,30/09/2015,17:26:27
52.1366,30/09/2015,17:26:27
11.125,52.025,30/09/2015,17:31:27
52.025,30/09/2015,17:31:27
11.0,51.8,30/09/2015,17:36:27
51.8,30/09/2015,17:36:27
11.0,51.8,30/09/2015,17:41:27
51.8,30/09/2015,17:41:27
11.0,51.8,30/09/2015,17:46:27
51.8,30/09/2015,17:46:27
10.937,51.6866,30/09/2015,17:51:27
51.6866,30/09/2015,17:51:27
10.937,51.6866,30/09/2015,17:56:27
51.6866,30/09/2015,17:56:27
10.937,51.6866,30/09/2015,18:01:27
51.6866,30/09/2015,18:01:27
10.937,51.6866,30/09/2015,18:06:27
51.6866,30/09/2015,18:06:27
10.937,51.6866,30/09/2015,18:11:27
51.6866,30/09/2015,18:11:27
10.937,51.6866,30/09/2015,18:16:27
51.6866,30/09/2015,18:16:27
10.937,51.6866,30/09/2015,18:21:27
51.6866,30/09/2015,18:21:27
10.937,51.6866,30/09/2015,18:26:27
51.6866,30/09/2015,18:26:27
10.937,51.6866,30/09/2015,18:31:27
51.6866,30/09/2015,18:31:27
10.937,51.6866,30/09/2015,18:36:27
51.6866,30/09/2015,18:36:27
10.937,51.6866,30/09/2015,18:41:27
51.6866,30/09/2015,18:41:27
10.937,51.6866,30/09/2015,18:46:27
51.6866,30/09/2015,18:46:27
11.0,51.8,30/09/2015,18:51:27
51.8,30/09/2015,18:51:27
10.937,51.6866,30/09/2015,18:56:27
51.6866,30/09/2015,18:56:27
10.937,51.6866,30/09/2015,19:01:27
51.6866,30/09/2015,19:01:27
11.0,51.8,30/09/2015,19:06:27
51.8,30/09/2015,19:06:27
11.0,51.8,30/09/2015,19:11:27
51.8,30/09/2015,19:11:27
10.937,51.6866,30/09/2015,19:16:27
51.6866,30/09/2015,19:16:27
11.0,51.8,30/09/2015,19:21:27
51.8,30/09/2015,19:21:27
10.937,51.6866,30/09/2015,19:26:27
51.6866,30/09/2015,19:26:27
11.0,51.8,30/09/2015,19:31:27
51.8,30/09/2015,19:31:27
11.0,51.8,30/09/2015,19:36:27
51.8,30/09/2015,19:36:27
11.062,51.9116,30/09/2015,19:41:27
51.9116,30/09/2015,19:41:27
11.0,51.8,30/09/2015,19:46:27
51.8,30/09/2015,19:46:27
11.0,51.8,30/09/2015,19:51:27
51.8,30/09/2015,19:51:27
11.062,51.9116,30/09/2015,19:56:27
51.9116,30/09/2015,19:56:27
11.062,51.9116,30/09/2015,20:01:27
51.9116,30/09/2015,20:01:27
11.062,51.9116,30/09/2015,20:06:27
51.9116,30/09/2015,20:06:27
11.062,51.9116,30/09/2015,20:11:27
51.9116,30/09/2015,20:11:27
11.062,51.9116,30/09/2015,20:16:27
51.9116,30/09/2015,20:16:27
11.062,51.9116,30/09/2015,20:21:27
51.9116,30/09/2015,20:21:27
11.062,51.9116,30/09/2015,20:26:27
51.9116,30/09/2015,20:26:27
11.062,51.9116,30/09/2015,20:31:27
51.9116,30/09/2015,20:31:27
11.062,51.9116,30/09/2015,20:36:27
51.9116,30/09/2015,20:36:27
11.062,51.9116,30/09/2015,20:41:27
51.9116,30/09/2015,20:41:27
11.062,51.9116,30/09/2015,20:46:27
51.9116,30/09/2015,20:46:27
11.062,51.9116,30/09/2015,20:51:27
51.9116,30/09/2015,20:51:27
11.062,51.9116,30/09/2015,20:56:27
51.9116,30/09/2015,20:56:27
11.062,51.9116,30/09/2015,21:01:27
51.9116,30/09/2015,21:01:27
11.0,51.8,30/09/2015,21:06:27
51.8,30/09/2015,21:06:27
11.0,51.8,30/09/2015,21:11:27
51.8,30/09/2015,21:11:27
11.0,51.8,30/09/2015,21:16:27
51.8,30/09/2015,21:16:27
11.0,51.8,30/09/2015,21:21:27
51.8,30/09/2015,21:21:27
11.0,51.8,30/09/2015,21:26:27
51.8,30/09/2015,21:26:27
11.0,51.8,30/09/2015,21:31:27
51.8,30/09/2015,21:31:27
11.062,51.9116,30/09/2015,21:36:27
51.9116,30/09/2015,21:36:27
11.062,51.9116,30/09/2015,21:41:27
51.9116,30/09/2015,21:41:27
11.0,51.8,30/09/2015,21:46:27
51.8,30/09/2015,21:46:27
11.062,51.9116,30/09/2015,21:51:27
51.9116,30/09/2015,21:51:27
11.0,51.8,30/09/2015,21:56:27
51.8,30/09/2015,21:56:27
11.0,51.8,30/09/2015,22:01:27
51.8,30/09/2015,22:01:27
11.0,51.8,30/09/2015,22:06:27
51.8,30/09/2015,22:06:27
11.0,51.8,30/09/2015,22:11:27
51.8,30/09/2015,22:11:27
11.0,51.8,30/09/2015,22:16:27
51.8,30/09/2015,22:16:27
11.0,51.8,30/09/2015,22:21:27
51.8,30/09/2015,22:21:27
10.937,51.6866,30/09/2015,22:26:27
51.6866,30/09/2015,22:26:27
11.0,51.8,30/09/2015,22:31:27
51.8,30/09/2015,22:31:27
10.937,51.6866,30/09/2015,22:36:27
51.6866,30/09/2015,22:36:27
11.0,51.8,30/09/2015,22:41:27
51.8,30/09/2015,22:41:27
11.0,51.8,30/09/2015,22:46:27
51.8,30/09/2015,22:46:27
11.0,51.8,30/09/2015,22:51:27
51.8,30/09/2015,22:51:27
10.875,51.575,30/09/2015,22:56:27
51.575,30/09/2015,22:56:27
10.875,51.575,30/09/2015,23:01:27
51.575,30/09/2015,23:01:27
10.875,51.575,30/09/2015,23:06:27
51.575,30/09/2015,23:06:27
10.937,51.6866,30/09/2015,23:11:27
51.6866,30/09/2015,23:11:27
10.937,51.6866,30/09/2015,23:16:27
51.6866,30/09/2015,23:16:27
10.875,51.575,30/09/2015,23:21:27
51.575,30/09/2015,23:21:27
10.875,51.575,30/09/2015,23:26:27
51.575,30/09/2015,23:26:27
10.812,51.4616,30/09/2015,23:31:27
51.4616,30/09/2015,23:31:27
10.875,51.575,30/09/2015,23:36:27
51.575,30/09/2015,23:36:27
10.875,51.575,30/09/2015,23:41:27
51.575,30/09/2015,23:41:27
10.812,51.4616,30/09/2015,23:46:27
51.4616,30/09/2015,23:46:27
10.812,51.4616,30/09/2015,23:51:27
51.4616,30/09/2015,23:51:27
10.875,51.575,30/09/2015,23:56:27
51.575,30/09/2015,23:56:27
10.812,51.4616,01/10/2015,00:01:27
51.4616,01/10/2015,00:01:27
10.812,51.4616,01/10/2015,00:06:27
51.4616,01/10/2015,00:06:27
10.75,51.35,01/10/2015,00:11:27
51.35,01/10/2015,00:11:27
10.75,51.35,01/10/2015,00:16:27
51.35,01/10/2015,00:16:27
10.812,51.4616,01/10/2015,00:21:27
51.4616,01/10/2015,00:21:27
10.75,51.35,01/10/2015,00:26:27
51.35,01/10/2015,00:26:27
10.75,51.35,01/10/2015,00:31:27
51.35,01/10/2015,00:31:27
10.75,51.35,01/10/2015,00:36:27
51.35,01/10/2015,00:36:27
10.75,51.35,01/10/2015,00:41:27
51.35,01/10/2015,00:41:27
10.687,51.236599999999996,01/10/2015,00:46:27
51.236599999999996,01/10/2015,00:46:27
10.687,51.236599999999996,01/10/2015,00:51:27
51.236599999999996,01/10/2015,00:51:27
10.687,51.236599999999996,01/10/2015,00:56:27
51.236599999999996,01/10/2015,00:56:27
10.625,51.125,01/10/2015,01:01:27
51.125,01/10/2015,01:01:27
10.687,51.236599999999996,01/10/2015,01:06:27
51.236599999999996,01/10/2015,01:06:27
10.687,51.236599999999996,01/10/2015,01:11:27
51.236599999999996,01/10/2015,01:11:27
10.687,51.236599999999996,01/10/2015,01:16:27
51.236599999999996,01/10/2015,01:16:27
10.625,51.125,01/10/2015,01:21:27
51.125,01/10/2015,01:21:27
10.625,51.125,01/10/2015,01:26:27
51.125,01/10/2015,01:26:27
10.625,51.125,01/10/2015,01:31:27
51.125,01/10/2015,01:31:27
10.562,51.0116,01/10/2015,01:36:27
51.0116,01/10/2015,01:36:27
10.562,51.0116,01/10/2015,01:41:27
51.0116,01/10/2015,01:41:27
10.562,51.0116,01/10/2015,01:46:27
51.0116,01/10/2015,01:46:27
10.562,51.0116,01/10/2015,01:51:27
51.0116,01/10/2015,01:51:27
10.562,51.0116,01/10/2015,01:56:27
51.0116,01/10/2015,01:56:27
10.5,50.9,01/10/2015,02:01:27
50.9,01/10/2015,02:01:27
10.437,50.7866,01/10/2015,02:06:27
50.7866,01/10/2015,02:06:27
10.5,50.9,01/10/2015,02:11:27
50.9,01/10/2015,02:11:27
10.437,50.7866,01/10/2015,02:16:27
50.7866,01/10/2015,02:16:27
10.437,50.7866,01/10/2015,02:21:27
50.7866,01/10/2015,02:21:27
10.437,50.7866,01/10/2015,02:26:27
50.7866,01/10/2015,02:26:27
10.437,50.7866,01/10/2015,02:31:27
50.7866,01/10/2015,02:31:27
10.375,50.675,01/10/2015,02:36:27
50.675,01/10/2015,02:36:27
10.375,50.675,01/10/2015,02:41:27
50.675,01/10/2015,02:41:27
10.375,50.675,01/10/2015,02:46:27
50.675,01/10/2015,02:46:27
10.312,50.5616,01/10/2015,02:51:27
50.5616,01/10/2015,02:51:27
10.312,50.5616,01/10/2015,02:56:27
50.5616,01/10/2015,02:56:27
10.312,50.5616,01/10/2015,03:01:27
50.5616,01/10/2015,03:01:27
10.312,50.5616,01/10/2015,03:06:27
50.5616,01/10/2015,03:06:27
10.312,50.5616,01/10/2015,03:11:27
50.5616,01/10/2015,03:11:27
10.312,50.5616,01/10/2015,03:16:27
50.5616,01/10/2015,03:16:27
10.187,50.3366,01/10/2015,03:21:27
50.3366,01/10/2015,03:21:27
10.187,50.3366,01/10/2015,03:26:27
50.3366,01/10/2015,03:26:27
10.187,50.3366,01/10/2015,03:31:27
50.3366,01/10/2015,03:31:27
10.187,50.3366,01/10/2015,03:36:27
50.3366,01/10/2015,03:36:27
10.187,50.3366,01/10/2015,03:41:27
50.3366,01/10/2015,03:41:27
10.187,50.3366,01/10/2015,03:46:27
50.3366,01/10/2015,03:46:27
10.125,50.225,01/10/2015,03:51:27
50.225,01/10/2015,03:51:27
10.125,50.225,01/10/2015,03:56:27
50.225,01/10/2015,03:56:27
10.062,50.111599999999996,01/10/2015,04:01:27
50.111599999999996,01/10/2015,04:01:27
10.062,50.111599999999996,01/10/2015,04:06:27
50.111599999999996,01/10/2015,04:06:27
10.062,50.111599999999996,01/10/2015,04:11:27
50.111599999999996,01/10/2015,04:11:27
10.0,50.0,01/10/2015,04:16:27
50.0,01/10/2015,04:16:27
10.0,50.0,01/10/2015,04:21:27
50.0,01/10/2015,04:21:27
10.0,50.0,01/10/2015,04:26:27
50.0,01/10/2015,04:26:27
10.0,50.0,01/10/2015,04:31:27
50.0,01/10/2015,04:31:27
10.0,50.0,01/10/2015,04:36:27
50.0,01/10/2015,04:36:27
9.875,49.775,01/10/2015,04:41:27
49.775,01/10/2015,04:41:27
9.875,49.775,01/10/2015,04:46:27
49.775,01/10/2015,04:46:27
9.937,49.8866,01/10/2015,04:51:27
49.8866,01/10/2015,04:51:27
9.937,49.8866,01/10/2015,04:56:27
49.8866,01/10/2015,04:56:27
9.875,49.775,01/10/2015,05:01:27
49.775,01/10/2015,05:01:27
9.875,49.775,01/10/2015,05:06:27
49.775,01/10/2015,05:06:27
9.812,49.6616,01/10/2015,05:11:27
49.6616,01/10/2015,05:11:27
9.875,49.775,01/10/2015,05:16:27
49.775,01/10/2015,05:16:27
9.812,49.6616,01/10/2015,05:21:27
49.6616,01/10/2015,05:21:27
9.75,49.55,01/10/2015,05:26:27
49.55,01/10/2015,05:26:27
9.75,49.55,01/10/2015,05:31:27
49.55,01/10/2015,05:31:27
9.812,49.6616,01/10/2015,05:36:27
49.6616,01/10/2015,05:36:27
9.75,49.55,01/10/2015,05:41:27
49.55,01/10/2015,05:41:27
9.75,49.55,01/10/2015,05:46:27
49.55,01/10/2015,05:46:27
9.687,49.4366,01/10/2015,05:51:27
49.4366,01/10/2015,05:51:27
9.687,49.4366,01/10/2015,05:56:27
49.4366,01/10/2015,05:56:27
9.625,49.325,01/10/2015,06:01:27
49.325,01/10/2015,06:01:27
9.625,49.325,01/10/2015,06:06:27
49.325,01/10/2015,06:06:27
9.625,49.325,01/10/2015,06:11:27
49.325,01/10/2015,06:11:27
9.562,49.2116,01/10/2015,06:16:27
49.2116,01/10/2015,06:16:27
9.562,49.2116,01/10/2015,06:21:27
49.2116,01/10/2015,06:21:27
9.562,49.2116,01/10/2015,06:26:27
49.2116,01/10/2015,06:26:27
9.5,49.1,01/10/2015,06:31:27
49.1,01/10/2015,06:31:27
9.5,49.1,01/10/2015,06:36:27
49.1,01/10/2015,06:36:27
9.437,48.986599999999996,01/10/2015,06:41:27
48.986599999999996,01/10/2015,06:41:27
9.437,48.986599999999996,01/10/2015,06:46:27
48.986599999999996,01/10/2015,06:46:27
9.437,48.986599999999996,01/10/2015,06:51:27
48.986599999999996,01/10/2015,06:51:27
9.437,48.986599999999996,01/10/2015,06:56:27
48.986599999999996,01/10/2015,06:56:27
9.437,48.986599999999996,01/10/2015,07:01:27
48.986599999999996,01/10/2015,07:01:27
9.375,48.875,01/10/2015,07:06:27
48.875,01/10/2015,07:06:27
9.375,48.875,01/10/2015,07:11:27
48.875,01/10/2015,07:11:27
9.375,48.875,01/10/2015,07:16:27
48.875,01/10/2015,07:16:27
9.375,48.875,01/10/2015,07:21:27
48.875,01/10/2015,07:21:27
9.312,48.7616,01/10/2015,07:26:27
48.7616,01/10/2015,07:26:27
9.312,48.7616,01/10/2015,07:31:27
48.7616,01/10/2015,07:31:27
9.25,48.65,01/10/2015,07:36:27
48.65,01/10/2015,07:36:27
9.312,48.7616,01/10/2015,07:41:27
48.7616,01/10/2015,07:41:27
9.312,48.7616,01/10/2015,07:46:27
48.7616,01/10/2015,07:46:27
9.25,48.65,01/10/2015,07:51:27
48.65,01/10/2015,07:51:27
9.25,48.65,01/10/2015,07:56:27
48.65,01/10/2015,07:56:27
9.187,48.5366,01/10/2015,08:01:27
48.5366,01/10/2015,08:01:27
9.25,48.65,01/10/2015,08:06:27
48.65,01/10/2015,08:06:27
9.187,48.5366,01/10/2015,08:11:27
48.5366,01/10/2015,08:11:27
9.187,48.5366,01/10/2015,08:16:27
48.5366,01/10/2015,08:16:27
9.187,48.5366,01/10/2015,08:21:27
48.5366,01/10/2015,08:21:27
9.125,48.425,01/10/2015,08:26:27
48.425,01/10/2015,08:26:27
9.125,48.425,01/10/2015,08:31:27
48.425,01/10/2015,08:31:27
9.125,48.425,01/10/2015,08:36:27
48.425,01/10/2015,08:36:27
9.125,48.425,01/10/2015,08:41:27
48.425,01/10/2015,08:41:27
9.125,48.425,01/10/2015,08:46:27
48.425,01/10/2015,08:46:27
9.062,48.3116,01/10/2015,08:51:27
48.3116,01/10/2015,08:51:27
9.0,48.2,01/10/2015,08:56:27
48.2,01/10/2015,08:56:27
9.062,48.3116,01/10/2015,09:01:27
48.3116,01/10/2015,09:01:27
9.062,48.3116,01/10/2015,09:06:27
48.3116,01/10/2015,09:06:27
9.062,48.3116,01/10/2015,09:11:27
48.3116,01/10/2015,09:11:27
8.937,48.0866,01/10/2015,09:16:27
48.0866,01/10/2015,09:16:27
9.0,48.2,01/10/2015,09:21:27
48.2,01/10/2015,09:21:27
8.937,48.0866,01/10/2015,09:26:27
48.0866,01/10/2015,09:26:27
9.0,48.2,01/10/2015,09:31:27
48.2,01/10/2015,09:31:27
8.937,48.0866,01/10/2015,09:36:27
48.0866,01/10/2015,09:36:27
8.937,48.0866,01/10/2015,09:41:27
48.0866,01/10/2015,09:41:27
9.0,48.2,01/10/2015,09:46:27
48.2,01/10/2015,09:46:27
8.937,48.0866,01/10/2015,09:51:27
48.0866,01/10/2015,09:51:27
8.937,48.0866,01/10/2015,09:56:27
48.0866,01/10/2015,09:56:27
8.937,48.0866,01/10/2015,10:01:27
48.0866,01/10/2015,10:01:27
8.875,47.975,01/10/2015,10:06:27
47.975,01/10/2015,10:06:27
8.937,48.0866,01/10/2015,10:11:27
48.0866,01/10/2015,10:11:27
8.875,47.975,01/10/2015,10:16:27
47.975,01/10/2015,10:16:27
8.812,47.861599999999996,01/10/2015,10:21:27
47.861599999999996,01/10/2015,10:21:27
8.812,47.861599999999996,01/10/2015,10:26:27
47.861599999999996,01/10/2015,10:26:27
8.812,47.861599999999996,01/10/2015,10:31:27
47.861599999999996,01/10/2015,10:31:27
8.812,47.861599999999996,01/10/2015,10:36:27
47.861599999999996,01/10/2015,10:36:27
8.875,47.975,01/10/2015,10:41:27
47.975,01/10/2015,10:41:27
8.875,47.975,01/10/2015,10:46:27
47.975,01/10/2015,10:46:27
8.875,47.975,01/10/2015,10:51:27
47.975,01/10/2015,10:51:27
8.812,47.861599999999996,01/10/2015,10:56:27
47.861599999999996,01/10/2015,10:56:27
8.812,47.861599999999996,01/10/2015,11:01:27
47.861599999999996,01/10/2015,11:01:27
8.75,47.75,01/10/2015,11:06:27
47.75,01/10/2015,11:06:27
8.875,47.975,01/10/2015,11:11:27
47.975,01/10/2015,11:11:27
8.812,47.861599999999996,01/10/2015,11:16:27
47.861599999999996,01/10/2015,11:16:27
8.75,47.75,01/10/2015,11:21:27
47.75,01/10/2015,11:21:27
8.812,47.861599999999996,01/10/2015,11:26:27
47.861599999999996,01/10/2015,11:26:27
8.812,47.861599999999996,01/10/2015,11:31:27
47.861599999999996,01/10/2015,11:31:27
8.812,47.861599999999996,01/10/2015,11:36:27
47.861599999999996,01/10/2015,11:36:27
8.812,47.861599999999996,01/10/2015,11:41:27
47.861599999999996,01/10/2015,11:41:27
8.75,47.75,01/10/2015,11:46:27
47.75,01/10/2015,11:46:27
8.812,47.861599999999996,01/10/2015,11:51:27
47.861599999999996,01/10/2015,11:51:27
8.812,47.861599999999996,01/10/2015,11:56:27
47.861599999999996,01/10/2015,11:56:27
8.875,47.975,01/10/2015,12:01:27
47.975,01/10/2015,12:01:27
8.812,47.861599999999996,01/10/2015,12:06:27
47.861599999999996,01/10/2015,12:06:27
8.812,47.861599999999996,01/10/2015,12:11:27
47.861599999999996,01/10/2015,12:11:27
8.875,47.975,01/10/2015,12:16:27
47.975,01/10/2015,12:16:27
8.875,47.975,01/10/2015,12:21:27
47.975,01/10/2015,12:21:27
8.875,47.975,01/10/2015,12:26:27
47.975,01/10/2015,12:26:27
8.875,47.975,01/10/2015,12:31:27
47.975,01/10/2015,12:31:27
8.875,47.975,01/10/2015,12:36:27
47.975,01/10/2015,12:36:27
8.875,47.975,01/10/2015,12:41:27
47.975,01/10/2015,12:41:27
8.875,47.975,01/10/2015,12:46:27
47.975,01/10/2015,12:46:27
8.875,47.975,01/10/2015,12:51:27
47.975,01/10/2015,12:51:27
8.937,48.0866,01/10/2015,12:56:27
48.0866,01/10/2015,12:56:27
8.937,48.0866,01/10/2015,13:01:27
48.0866,01/10/2015,13:01:27
8.937,48.0866,01/10/2015,13:06:27
48.0866,01/10/2015,13:06:27
9.0,48.2,01/10/2015,13:11:27
48.2,01/10/2015,13:11:27
9.062,48.3116,01/10/2015,13:16:27
48.3116,01/10/2015,13:16:27
9.062,48.3116,01/10/2015,13:21:27
48.3116,01/10/2015,13:21:27
9.062,48.3116,01/10/2015,13:26:27
48.3116,01/10/2015,13:26:27
9.125,48.425,01/10/2015,13:31:27
48.425,01/10/2015,13:31:27
9.125,48.425,01/10/2015,13:36:27
48.425,01/10/2015,13:36:27
9.125,48.425,01/10/2015,13:41:27
48.425,01/10/2015,13:41:27
9.125,48.425,01/10/2015,13:46:27
48.425,01/10/2015,13:46:27
9.062,48.3116,01/10/2015,13:51:27
48.3116,01/10/2015,13:51:27
9.125,48.425,01/10/2015,13:56:27
48.425,01/10/2015,13:56:27
9.125,48.425,01/10/2015,14:01:27
48.425,01/10/2015,14:01:27
9.187,48.5366,01/10/2015,14:06:27
48.5366,01/10/2015,14:06:27
9.25,48.65,01/10/2015,14:11:27
48.65,01/10/2015,14:11:27
9.25,48.65,01/10/2015,14:16:27
48.65,01/10/2015,14:16:27
9.25,48.65,01/10/2015,14:21:27
48.65,01/10/2015,14:21:27
9.312,48.7616,01/10/2015,14:26:27
48.7616,01/10/2015,14:26:27
9.312,48.7616,01/10/2015,14:31:27
48.7616,01/10/2015,14:31:27
9.375,48.875,01/10/2015,14:36:27
48.875,01/10/2015,14:36:27
9.312,48.7616,01/10/2015,14:41:27
48.7616,01/10/2015,14:41:27
9.375,48.875,01/10/2015,14:46:27
48.875,01/10/2015,14:46:27
9.375,48.875,01/10/2015,14:51:27
48.875,01/10/2015,14:51:27
9.437,48.986599999999996,01/10/2015,14:56:27
48.986599999999996,01/10/2015,14:56:27
9.375,48.875,01/10/2015,15:01:27
48.875,01/10/2015,15:01:27
9.437,48.986599999999996,01/10/2015,15:06:27
48.986599999999996,01/10/2015,15:06:27
9.437,48.986599999999996,01/10/2015,15:11:27
48.986599999999996,01/10/2015,15:11:27
9.5,49.1,01/10/2015,15:16:27
49.1,01/10/2015,15:16:27
9.5,49.1,01/10/2015,15:21:27
49.1,01/10/2015,15:21:27
9.5,49.1,01/10/2015,15:26:27
49.1,01/10/2015,15:26:27
9.562,49.2116,01/10/2015,15:31:27
49.2116,01/10/2015,15:31:27
9.562,49.2116,01/10/2015,15:36:27
49.2116,01/10/2015,15:36:27
9.562,49.2116,01/10/2015,15:41:27
49.2116,01/10/2015,15:41:27
9.562,49.2116,01/10/2015,15:46:27
49.2116,01/10/2015,15:46:27
9.562,49.2116,01/10/2015,15:51:27
49.2116,01/10/2015,15:51:27
9.625,49.325,01/10/2015,15:56:27
49.325,01/10/2015,15:56:27
9.625,49.325,01/10/2015,16:01:27
49.325,01/10/2015,16:01:27
9.687,49.4366,01/10/2015,16:06:27
49.4366,01/10/2015,16:06:27
9.687,49.4366,01/10/2015,16:11:27
49.4366,01/10/2015,16:11:27
9.625,49.325,01/10/2015,16:16:27
49.325,01/10/2015,16:16:27
9.687,49.4366,01/10/2015,16:21:27
49.4366,01/10/2015,16:21:27
9.687,49.4366,01/10/2015,16:26:27
49.4366,01/10/2015,16:26:27
9.812,49.6616,01/10/2015,16:31:27
49.6616,01/10/2015,16:31:27
9.812,49.6616,01/10/2015,16:36:27
49.6616,01/10/2015,16:36:27
9.812,49.6616,01/10/2015,16:41:27
49.6616,01/10/2015,16:41:27
9.812,49.6616,01/10/2015,16:46:27
49.6616,01/10/2015,16:46:27
9.812,49.6616,01/10/2015,16:51:27
49.6616,01/10/2015,16:51:27
9.812,49.6616,01/10/2015,16:56:27
49.6616,01/10/2015,16:56:27
9.937,49.8866,01/10/2015,17:01:27
49.8866,01/10/2015,17:01:27
9.875,49.775,01/10/2015,17:06:27
49.775,01/10/2015,17:06:27
9.937,49.8866,01/10/2015,17:11:27
49.8866,01/10/2015,17:11:27
9.937,49.8866,01/10/2015,17:16:27
49.8866,01/10/2015,17:16:27
10.0,50.0,01/10/2015,17:21:27
50.0,01/10/2015,17:21:27
10.0,50.0,01/10/2015,17:26:27
50.0,01/10/2015,17:26:27
10.0,50.0,01/10/2015,17:31:27
50.0,01/10/2015,17:31:27
10.0,50.0,01/10/2015,17:36:27
50.0,01/10/2015,17:36:27
10.062,50.111599999999996,01/10/2015,17:41:27
50.111599999999996,01/10/2015,17:41:27
10.062,50.111599999999996,01/10/2015,17:46:27
50.111599999999996,01/10/2015,17:46:27
10.125,50.225,01/10/2015,17:51:27
50.225,01/10/2015,17:51:27
10.125,50.225,01/10/2015,17:56:27
50.225,01/10/2015,17:56:27
10.125,50.225,01/10/2015,18:01:27
50.225,01/10/2015,18:01:27
10.125,50.225,01/10/2015,18:06:27
50.225,01/10/2015,18:06:27
10.125,50.225,01/10/2015,18:11:27
50.225,01/10/2015,18:11:27
10.125,50.225,01/10/2015,18:16:27
50.225,01/10/2015,18:16:27
10.187,50.3366,01/10/2015,18:21:27
50.3366,01/10/2015,18:21:27
10.187,50.3366,01/10/2015,18:26:27
50.3366,01/10/2015,18:26:27
10.187,50.3366,01/10/2015,18:31:27
50.3366,01/10/2015,18:31:27
10.25,50.45,01/10/2015,18:36:27
50.45,01/10/2015,18:36:27
10.25,50.45,01/10/2015,18:41:27
50.45,01/10/2015,18:41:27
10.25,50.45,01/10/2015,18:46:27
50.45,01/10/2015,18:46:27
10.25,50.45,01/10/2015,18:51:27
50.45,01/10/2015,18:51:27
10.312,50.5616,01/10/2015,18:56:27
50.5616,01/10/2015,18:56:27
10.312,50.5616,01/10/2015,19:01:27
50.5616,01/10/2015,19:01:27
10.312,50.5616,01/10/2015,19:06:27
50.5616,01/10/2015,19:06:27
10.312,50.5616,01/10/2015,19:11:27
50.5616,01/10/2015,19:11:27
10.375,50.675,01/10/2015,19:16:27
50.675,01/10/2015,19:16:27
10.375,50.675,01/10/2015,19:21:27
50.675,01/10/2015,19:21:27
10.375,50.675,01/10/2015,19:26:27
50.675,01/10/2015,19:26:27
10.375,50.675,01/10/2015,19:31:27
50.675,01/10/2015,19:31:27
10.375,50.675,01/10/2015,19:36:27
50.675,01/10/2015,19:36:27
10.375,50.675,01/10/2015,19:41:27
50.675,01/10/2015,19:41:27
10.437,50.7866,01/10/2015,19:46:27
50.7866,01/10/2015,19:46:27
10.375,50.675,01/10/2015,19:51:27
50.675,01/10/2015,19:51:27
10.437,50.7866,01/10/2015,19:56:27
50.7866,01/10/2015,19:56:27
10.437,50.7866,01/10/2015,20:01:27
50.7866,01/10/2015,20:01:27
10.437,50.7866,01/10/2015,20:06:27
50.7866,01/10/2015,20:06:27
10.437,50.7866,01/10/2015,20:11:27
50.7866,01/10/2015,20:11:27
10.5,50.9,01/10/2015,20:16:27
50.9,01/10/2015,20:16:27
10.5,50.9,01/10/2015,20:21:27
50.9,01/10/2015,20:21:27
10.437,50.7866,01/10/2015,20:26:27
50.7866,01/10/2015,20:26:27
10.5,50.9,01/10/2015,20:31:27
50.9,01/10/2015,20:31:27
10.5,50.9,01/10/2015,20:36:27
50.9,01/10/2015,20:36:27
10.5,50.9,01/10/2015,20:41:27
50.9,01/10/2015,20:41:27
10.5,50.9,01/10/2015,20:46:27
50.9,01/10/2015,20:46:27
10.5,50.9,01/10/2015,20:51:27
50.9,01/10/2015,20:51:27
10.5,50.9,01/10/2015,20:56:27
50.9,01/10/2015,20:56:27
10.437,50.7866,01/10/2015,21:01:27
50.7866,01/10/2015,21:01:27
10.437,50.7866,01/10/2015,21:06:27
50.7866,01/10/2015,21:06:27
10.437,50.7866,01/10/2015,21:11:27
50.7866,01/10/2015,21:11:27
10.5,50.9,01/10/2015,21:16:27
50.9,01/10/2015,21:16:27
10.5,50.9,01/10/2015,21:21:27
50.9,01/10/2015,21:21:27
10.437,50.7866,01/10/2015,21:26:27
50.7866,01/10/2015,21:26:27
10.437,50.7866,01/10/2015,21:31:27
50.7866,01/10/2015,21:31:27
10.437,50.7866,01/10/2015,21:36:27
50.7866,01/10/2015,21:36:27
10.5,50.9,01/10/2015,21:41:27
50.9,01/10/2015,21:41:27
10.437,50.7866,01/10/2015,21:46:27
50.7866,01/10/2015,21:46:27
10.437,50.7866,01/10/2015,21:51:27
50.7866,01/10/2015,21:51:27
10.437,50.7866,01/10/2015,21:56:27
50.7866,01/10/2015,21:56:27
10.437,50.7866,01/10/2015,22:01:27
50.7866,01/10/2015,22:01:27
10.437,50.7866,01/10/2015,22:06:27
50.7866,01/10/2015,22:06:27
10.437,50.7866,01/10/2015,22:11:27
50.7866,01/10/2015,22:11:27
10.437,50.7866,01/10/2015,22:16:27
50.7866,01/10/2015,22:16:27
10.437,50.7866,01/10/2015,22:21:27
50.7866,01/10/2015,22:21:27
10.437,50.7866,01/10/2015,22:26:27
50.7866,01/10/2015,22:26:27
10.375,50.675,01/10/2015,22:31:27
50.675,01/10/2015,22:31:27
10.375,50.675,01/10/2015,22:36:27
50.675,01/10/2015,22:36:27
10.437,50.7866,01/10/2015,22:41:27
50.7866,01/10/2015,22:41:27
10.375,50.675,01/10/2015,22:46:27
50.675,01/10/2015,22:46:27
10.437,50.7866,01/10/2015,22:51:27
50.7866,01/10/2015,22:51:27
10.375,50.675,01/10/2015,22:56:27
50.675,01/10/2015,22:56:27
10.312,50.5616,01/10/2015,23:01:27
50.5616,01/10/2015,23:01:27
10.375,50.675,01/10/2015,23:06:27
50.675,01/10/2015,23:06:27
10.312,50.5616,01/10/2015,23:11:27
50.5616,01/10/2015,23:11:27
10.312,50.5616,01/10/2015,23:16:27
50.5616,01/10/2015,23:16:27
10.312,50.5616,01/10/2015,23:21:27
50.5616,01/10/2015,23:21:27
10.312,50.5616,01/10/2015,23:26:27
50.5616,01/10/2015,23:26:27
10.312,50.5616,01/10/2015,23:31:27
50.5616,01/10/2015,23:31:27
10.25,50.45,01/10/2015,23:36:27
50.45,01/10/2015,23:36:27
10.25,50.45,01/10/2015,23:41:27
50.45,01/10/2015,23:41:27
10.25,50.45,01/10/2015,23:46:27
50.45,01/10/2015,23:46:27
10.25,50.45,01/10/2015,23:51:27
50.45,01/10/2015,23:51:27
10.25,50.45,01/10/2015,23:56:27
50.45,01/10/2015,23:56:27
10.187,50.3366,02/10/2015,00:01:27
50.3366,02/10/2015,00:01:27
10.187,50.3366,02/10/2015,00:06:27
50.3366,02/10/2015,00:06:27
10.187,50.3366,02/10/2015,00:11:27
50.3366,02/10/2015,00:11:27
10.187,50.3366,02/10/2015,00:16:27
50.3366,02/10/2015,00:16:27
10.125,50.225,02/10/2015,00:21:27
50.225,02/10/2015,00:21:27
10.187,50.3366,02/10/2015,00:26:27
50.3366,02/10/2015,00:26:27
10.187,50.3366,02/10/2015,00:31:27
50.3366,02/10/2015,00:31:27
10.125,50.225,02/10/2015,00:36:27
50.225,02/10/2015,00:36:27
10.187,50.3366,02/10/2015,00:41:27
50.3366,02/10/2015,00:41:27
10.062,50.111599999999996,02/10/2015,00:46:27
50.111599999999996,02/10/2015,00:46:27
10.125,50.225,02/10/2015,00:51:27
50.225,02/10/2015,00:51:27
10.125,50.225,02/10/2015,00:56:27
50.225,02/10/2015,00:56:27
10.125,50.225,02/10/2015,01:01:27
50.225,02/10/2015,01:01:27
10.062,50.111599999999996,02/10/2015,01:06:27
50.111599999999996,02/10/2015,01:06:27
10.062,50.111599999999996,02/10/2015,01:11:27
50.111599999999996,02/10/2015,01:11:27
10.0,50.0,02/10/2015,01:16:27
50.0,02/10/2015,01:16:27
10.062,50.111599999999996,02/10/2015,01:21:27
50.111599999999996,02/10/2015,01:21:27
10.062,50.111599999999996,02/10/2015,01:26:27
50.111599999999996,02/10/2015,01:26:27
10.0,50.0,02/10/2015,01:31:27
50.0,02/10/2015,01:31:27
10.0,50.0,02/10/2015,01:36:27
50.0,02/10/2015,01:36:27
10.0,50.0,02/10/2015,01:41:27
50.0,02/10/2015,01:41:27
9.937,49.8866,02/10/2015,01:46:27
49.8866,02/10/2015,01:46:27
9.937,49.8866,02/10/2015,01:51:27
49.8866,02/10/2015,01:51:27
9.937,49.8866,02/10/2015,01:56:27
49.8866,02/10/2015,01:56:27
9.937,49.8866,02/10/2015,02:01:27
49.8866,02/10/2015,02:01:27
9.875,49.775,02/10/2015,02:06:27
49.775,02/10/2015,02:06:27
9.875,49.775,02/10/2015,02:11:27
49.775,02/10/2015,02:11:27
9.875,49.775,02/10/2015,02:16:27
49.775,02/10/2015,02:16:27
9.812,49.6616,02/10/2015,02:21:27
49.6616,02/10/2015,02:21:27
9.875,49.775,02/10/2015,02:26:27
49.775,02/10/2015,02:26:27
9.812,49.6616,02/10/2015,02:31:27
49.6616,02/10/2015,02:31:27
9.812,49.6616,02/10/2015,02:36:27
49.6616,02/10/2015,02:36:27
9.812,49.6616,02/10/2015,02:41:27
49.6616,02/10/2015,02:41:27
9.75,49.55,02/10/2015,02:46:27
49.55,02/10/2015,02:46:27
9.75,49.55,02/10/2015,02:51:27
49.55,02/10/2015,02:51:27
9.687,49.4366,02/10/2015,02:56:27
49.4366,02/10/2015,02:56:27
9.75,49.55,02/10/2015,03:01:27
49.55,02/10/2015,03:01:27
9.687,49.4366,02/10/2015,03:06:27
49.4366,02/10/2015,03:06:27
9.687,49.4366,02/10/2015,03:11:27
49.4366,02/10/2015,03:11:27
9.625,49.325,02/10/2015,03:16:27
49.325,02/10/2015,03:16:27
9.687,49.4366,02/10/2015,03:21:27
49.4366,02/10/2015,03:21:27
9.687,49.4366,02/10/2015,03:26:27
49.4366,02/10/2015,03:26:27
9.562,49.2116,02/10/2015,03:31:27
49.2116,02/10/2015,03:31:27
9.562,49.2116,02/10/2015,03:36:27
49.2116,02/10/2015,03:36:27
9.562,49.2116,02/10/2015,03:41:28
49.2116,02/10/2015,03:41:28
9.5,49.1,02/10/2015,03:46:27
49.1,02/10/2015,03:46:27
9.5,49.1,02/10/2015,03:51:27
49.1,02/10/2015,03:51:27
9.5,49.1,02/10/2015,03:56:27
49.1,02/10/2015,03:56:27
9.5,49.1,02/10/2015,04:01:27
49.1,02/10/2015,04:01:27
9.5,49.1,02/10/2015,04:06:27
49.1,02/10/2015,04:06:27
9.5,49.1,02/10/2015,04:11:27
49.1,02/10/2015,04:11:27
9.375,48.875,02/10/2015,04:16:27
48.875,02/10/2015,04:16:27
9.437,48.986599999999996,02/10/2015,04:21:27
48.986599999999996,02/10/2015,04:21:27
9.375,48.875,02/10/2015,04:26:27
48.875,02/10/2015,04:26:27
9.312,48.7616,02/10/2015,04:31:27
48.7616,02/10/2015,04:31:27
9.375,48.875,02/10/2015,04:36:27
48.875,02/10/2015,04:36:27
9.375,48.875,02/10/2015,04:41:27
48.875,02/10/2015,04:41:27
9.312,48.7616,02/10/2015,04:46:27
48.7616,02/10/2015,04:46:27
9.312,48.7616,02/10/2015,04:51:27
48.7616,02/10/2015,04:51:27
9.25,48.65,02/10/2015,04:56:27
48.65,02/10/2015,04:56:27
9.25,48.65,02/10/2015,05:01:27
48.65,02/10/2015,05:01:27
9.25,48.65,02/10/2015,05:06:27
48.65,02/10/2015,05:06:27
9.187,48.5366,02/10/2015,05:11:27
48.5366,02/10/2015,05:11:27
9.187,48.5366,02/10/2015,05:16:27
48.5366,02/10/2015,05:16:27
9.187,48.5366,02/10/2015,05:21:27
48.5366,02/10/2015,05:21:27
9.062,48.3116,02/10/2015,05:26:27
48.3116,02/10/2015,05:26:27
9.125,48.425,02/10/2015,05:31:27
48.425,02/10/2015,05:31:27
9.062,48.3116,02/10/2015,05:36:27
48.3116,02/10/2015,05:36:27
9.062,48.3116,02/10/2015,05:41:27
48.3116,02/10/2015,05:41:27
9.062,48.3116,02/10/2015,05:46:27
48.3116,02/10/2015,05:46:27
9.062,48.3116,02/10/2015,05:51:27
48.3116,02/10/2015,05:51:27
9.062,48.3116,02/10/2015,05:56:27
48.3116,02/10/2015,05:56:27
9.0,48.2,02/10/2015,06:01:27
48.2,02/10/2015,06:01:27
9.0,48.2,02/10/2015,06:06:27
48.2,02/10/2015,06:06:27
8.937,48.0866,02/10/2015,06:11:27
48.0866,02/10/2015,06:11:27
8.937,48.0866,02/10/2015,06:16:27
48.0866,02/10/2015,06:16:27
8.937,48.0866,02/10/2015,06:21:27
48.0866,02/10/2015,06:21:27
8.937,48.0866,02/10/2015,06:26:27
48.0866,02/10/2015,06:26:27
8.875,47.975,02/10/2015,06:31:27
47.975,02/10/2015,06:31:27
8.875,47.975,02/10/2015,06:36:27
47.975,02/10/2015,06:36:27
8.812,47.861599999999996,02/10/2015,06:41:27
47.861599999999996,02/10/2015,06:41:27
8.812,47.861599999999996,02/10/2015,06:46:27
47.861599999999996,02/10/2015,06:46:27
8.812,47.861599999999996,02/10/2015,06:51:27
47.861599999999996,02/10/2015,06:51:27
8.75,47.75,02/10/2015,06:56:27
47.75,02/10/2015,06:56:27
8.75,47.75,02/10/2015,07:01:27
47.75,02/10/2015,07:01:27
8.75,47.75,02/10/2015,07:06:27
47.75,02/10/2015,07:06:27
8.687,47.6366,02/10/2015,07:11:27
47.6366,02/10/2015,07:11:27
8.687,47.6366,02/10/2015,07:16:27
47.6366,02/10/2015,07:16:27
8.687,47.6366,02/10/2015,07:21:27
47.6366,02/10/2015,07:21:27
8.625,47.525,02/10/2015,07:26:27
47.525,02/10/2015,07:26:27
8.625,47.525,02/10/2015,07:31:27
47.525,02/10/2015,07:31:27
8.625,47.525,02/10/2015,07:36:27
47.525,02/10/2015,07:36:27
8.625,47.525,02/10/2015,07:41:27
47.525,02/10/2015,07:41:27
8.625,47.525,02/10/2015,07:46:27
47.525,02/10/2015,07:46:27
8.562,47.4116,02/10/2015,07:51:27
47.4116,02/10/2015,07:51:27
8.562,47.4116,02/10/2015,07:56:27
47.4116,02/10/2015,07:56:27
8.5,47.3,02/10/2015,08:01:27
47.3,02/10/2015,08:01:27
8.5,47.3,02/10/2015,08:06:27
47.3,02/10/2015,08:06:27
8.437,47.1866,02/10/2015,08:11:27
47.1866,02/10/2015,08:11:27
8.437,47.1866,02/10/2015,08:16:27
47.1866,02/10/2015,08:16:27
8.437,47.1866,02/10/2015,08:21:27
47.1866,02/10/2015,08:21:27
8.375,47.075,02/10/2015,08:26:27
47.075,02/10/2015,08:26:27
8.375,47.075,02/10/2015,08:31:27
47.075,02/10/2015,08:31:27
8.312,46.9616,02/10/2015,08:36:27
46.9616,02/10/2015,08:36:27
8.375,47.075,02/10/2015,08:41:27
47.075,02/10/2015,08:41:27
8.312,46.9616,02/10/2015,08:46:27
46.9616,02/10/2015,08:46:27
8.312,46.9616,02/10/2015,08:51:27
46.9616,02/10/2015,08:51:27
8.312,46.9616,02/10/2015,08:56:27
46.9616,02/10/2015,08:56:27
8.25,46.85,02/10/2015,09:01:27
46.85,02/10/2015,09:01:27
8.25,46.85,02/10/2015,09:06:27
46.85,02/10/2015,09:06:27
8.25,46.85,02/10/2015,09:11:27
46.85,02/10/2015,09:11:27
8.187,46.736599999999996,02/10/2015,09:16:27
46.736599999999996,02/10/2015,09:16:27
8.187,46.736599999999996,02/10/2015,09:21:27
46.736599999999996,02/10/2015,09:21:27
8.187,46.736599999999996,02/10/2015,09:26:27
46.736599999999996,02/10/2015,09:26:27
8.187,46.736599999999996,02/10/2015,09:31:27
46.736599999999996,02/10/2015,09:31:27
8.125,46.625,02/10/2015,09:36:27
46.625,02/10/2015,09:36:27
8.062,46.5116,02/10/2015,09:41:27
46.5116,02/10/2015,09:41:27
8.125,46.625,02/10/2015,09:46:27
46.625,02/10/2015,09:46:27
